{"ts": "2026-09-30T04:14:43.907520+00:00", "level": "info", "logger": "researchforge.research", "msg": "[RESEARCH] decision phase=FORMALIZE action=FORMALIZE focus= reason=\"The idea has not been formalized into a testable research question.\" iteration=1 open_uncertainties=0 candidates=", "rf_phase": "FORMALIZE", "rf_action": "FORMALIZE", "rf_focus": "", "rf_reason": "The idea has not been formalized into a testable research question.", "rf_iteration": 1, "rf_open_uncertainties": 0, "rf_candidates": ""}
{"ts": "2026-09-30T04:14:48.664378+00:00", "level": "info", "logger": "researchforge.research", "msg": "[RESEARCH] tool_invocation action=FORMALIZE tool=get_research_state", "rf_action": "FORMALIZE", "rf_tool": "get_research_state"}
{"ts": "2026-09-30T04:14:48.680154+00:00", "level": "info", "logger": "researchforge.research", "msg": "[RESEARCH] tool_invocation action=FORMALIZE tool=search_papers", "rf_action": "FORMALIZE", "rf_tool": "search_papers"}
{"ts": "2026-09-30T04:15:21.851687+00:00", "level": "info", "logger": "researchforge.research", "msg": "[RESEARCH] tool_invocation action=FORMALIZE tool=search_papers", "rf_action": "FORMALIZE", "rf_tool": "search_papers"}
{"ts": "2026-09-30T04:17:41.656486+00:00", "level": "info", "logger": "researchforge.research", "msg": "[RESEARCH] tool_invocation action=FORMALIZE tool=search_papers", "rf_action": "FORMALIZE", "rf_tool": "search_papers"}
{"ts": "2026-09-30T04:18:12.470875+00:00", "level": "info", "logger": "researchforge.research", "msg": "[RESEARCH] tool_invocation action=FORMALIZE tool=get_paper", "rf_action": "FORMALIZE", "rf_tool": "get_paper"}
{"ts": "2026-09-30T04:18:12.485082+00:00", "level": "info", "logger": "researchforge.research", "msg": "[RESEARCH] tool_invocation action=FORMALIZE tool=get_paper", "rf_action": "FORMALIZE", "rf_tool": "get_paper"}
{"ts": "2026-09-30T04:18:12.494604+00:00", "level": "info", "logger": "researchforge.research", "msg": "[RESEARCH] tool_invocation action=FORMALIZE tool=get_paper", "rf_action": "FORMALIZE", "rf_tool": "get_paper"}
{"ts": "2026-09-30T04:18:12.503704+00:00", "level": "info", "logger": "researchforge.research", "msg": "[RESEARCH] tool_invocation action=FORMALIZE tool=get_paper", "rf_action": "FORMALIZE", "rf_tool": "get_paper"}
{"ts": "2026-09-30T04:18:12.510986+00:00", "level": "info", "logger": "researchforge.research", "msg": "[RESEARCH] tool_invocation action=FORMALIZE tool=get_paper", "rf_action": "FORMALIZE", "rf_tool": "get_paper"}
{"ts": "2026-09-30T04:18:33.783183+00:00", "level": "info", "logger": "researchforge.research", "msg": "[RESEARCH] tool_invocation action=FORMALIZE tool=record_idea_analysis", "rf_action": "FORMALIZE", "rf_tool": "record_idea_analysis"}
{"ts": "2026-09-30T04:18:33.804525+00:00", "level": "info", "logger": "researchforge.research", "msg": "[RESEARCH] tool_invocation action=FORMALIZE tool=record_uncertainty", "rf_action": "FORMALIZE", "rf_tool": "record_uncertainty"}
{"ts": "2026-09-30T04:18:33.812356+00:00", "level": "info", "logger": "researchforge.research", "msg": "[RESEARCH] tool_invocation action=FORMALIZE tool=record_uncertainty", "rf_action": "FORMALIZE", "rf_tool": "record_uncertainty"}
{"ts": "2026-09-30T04:18:33.818142+00:00", "level": "info", "logger": "researchforge.research", "msg": "[RESEARCH] tool_invocation action=FORMALIZE tool=record_uncertainty", "rf_action": "FORMALIZE", "rf_tool": "record_uncertainty"}
{"ts": "2026-09-30T04:18:33.822118+00:00", "level": "info", "logger": "researchforge.research", "msg": "[RESEARCH] tool_invocation action=FORMALIZE tool=record_investigation_plan", "rf_action": "FORMALIZE", "rf_tool": "record_investigation_plan"}
{"ts": "2026-09-30T04:18:37.380328+00:00", "level": "info", "logger": "researchforge.research", "msg": "[RESEARCH] tool_invocation action=FORMALIZE tool=get_research_state", "rf_action": "FORMALIZE", "rf_tool": "get_research_state"}
{"ts": "2026-09-30T04:18:40.537650+00:00", "level": "info", "logger": "researchforge.research", "msg": "[RESEARCH] uncertainty_added uncertainty=U001 importance=high category=overlap raised_by=FORMALIZE", "rf_uncertainty": "U001", "rf_importance": "high", "rf_category": "overlap", "rf_raised_by": "FORMALIZE"}
{"ts": "2026-09-30T04:18:40.537894+00:00", "level": "info", "logger": "researchforge.research", "msg": "[RESEARCH] uncertainty_added uncertainty=U002 importance=high category=confounder raised_by=FORMALIZE", "rf_uncertainty": "U002", "rf_importance": "high", "rf_category": "confounder", "rf_raised_by": "FORMALIZE"}
{"ts": "2026-09-30T04:18:40.537919+00:00", "level": "info", "logger": "researchforge.research", "msg": "[RESEARCH] uncertainty_added uncertainty=U003 importance=medium category=feasibility raised_by=FORMALIZE", "rf_uncertainty": "U003", "rf_importance": "medium", "rf_category": "feasibility", "rf_raised_by": "FORMALIZE"}
{"ts": "2026-09-30T04:18:40.544731+00:00", "level": "info", "logger": "researchforge.research", "msg": "[RESEARCH] result action=FORMALIZE progressed=True info_gain=4.0 tools=get_paper,get_research_state,record_idea_analysis,record_investigation_plan,record_uncertainty,search_papers outcome=\"+47 papers; +3 searches; +3 uncertainties; idea formalized; investigation plan recorded\" papers=47 open_uncertainties=3", "rf_action": "FORMALIZE", "rf_progressed": true, "rf_info_gain": 4.0, "rf_tools": "get_paper,get_research_state,record_idea_analysis,record_investigation_plan,record_uncertainty,search_papers", "rf_outcome": "+47 papers; +3 searches; +3 uncertainties; idea formalized; investigation plan recorded", "rf_papers": 47, "rf_open_uncertainties": 3}
{"ts": "2026-09-30T04:18:40.554006+00:00", "level": "info", "logger": "researchforge.research", "msg": "[RESEARCH] decision phase=INVESTIGATE action=READ focus= reason=\"Retrieved papers have not been analyzed enough to judge overlap.\" iteration=2 open_uncertainties=3 candidates=", "rf_phase": "INVESTIGATE", "rf_action": "READ", "rf_focus": "", "rf_reason": "Retrieved papers have not been analyzed enough to judge overlap.", "rf_iteration": 2, "rf_open_uncertainties": 3, "rf_candidates": ""}
{"ts": "2026-09-30T04:18:48.562958+00:00", "level": "info", "logger": "researchforge.research", "msg": "[RESEARCH] tool_invocation action=READ tool=list_papers", "rf_action": "READ", "rf_tool": "list_papers"}
{"ts": "2026-09-30T04:18:48.590897+00:00", "level": "info", "logger": "researchforge.research", "msg": "[RESEARCH] tool_invocation action=READ tool=fetch_paper_text", "rf_action": "READ", "rf_tool": "fetch_paper_text"}
{"ts": "2026-09-30T04:18:48.599125+00:00", "level": "info", "logger": "researchforge.research", "msg": "[RESEARCH] tool_invocation action=READ tool=fetch_paper_text", "rf_action": "READ", "rf_tool": "fetch_paper_text"}
{"ts": "2026-09-30T04:18:48.605980+00:00", "level": "info", "logger": "researchforge.research", "msg": "[RESEARCH] tool_invocation action=READ tool=fetch_paper_text", "rf_action": "READ", "rf_tool": "fetch_paper_text"}
{"ts": "2026-09-30T04:18:50.015264+00:00", "level": "info", "logger": "researchforge.research", "msg": "[RESEARCH] tool_invocation action=READ tool=fetch_paper_text", "rf_action": "READ", "rf_tool": "fetch_paper_text"}
{"ts": "2026-09-30T04:19:00.916322+00:00", "level": "info", "logger": "researchforge.research", "msg": "[RESEARCH] tool_invocation action=READ tool=search_paper_text", "rf_action": "READ", "rf_tool": "search_paper_text"}
{"ts": "2026-09-30T04:19:00.925099+00:00", "level": "info", "logger": "researchforge.research", "msg": "[RESEARCH] tool_invocation action=READ tool=search_paper_text", "rf_action": "READ", "rf_tool": "search_paper_text"}
{"ts": "2026-09-30T04:19:00.935795+00:00", "level": "info", "logger": "researchforge.research", "msg": "[RESEARCH] tool_invocation action=READ tool=search_paper_text", "rf_action": "READ", "rf_tool": "search_paper_text"}
{"ts": "2026-09-30T04:19:00.939178+00:00", "level": "info", "logger": "researchforge.research", "msg": "[RESEARCH] tool_invocation action=READ tool=search_papers", "rf_action": "READ", "rf_tool": "search_papers"}
{"ts": "2026-09-30T04:21:46.136759+00:00", "level": "info", "logger": "researchforge.research", "msg": "[RESEARCH] tool_invocation action=READ tool=search_papers", "rf_action": "READ", "rf_tool": "search_papers"}
{"ts": "2026-09-30T04:23:38.596550+00:00", "level": "info", "logger": "researchforge.research", "msg": "[RESEARCH] tool_invocation action=READ tool=get_paper", "rf_action": "READ", "rf_tool": "get_paper"}
{"ts": "2026-09-30T04:23:38.607864+00:00", "level": "info", "logger": "researchforge.research", "msg": "[RESEARCH] tool_invocation action=READ tool=get_paper", "rf_action": "READ", "rf_tool": "get_paper"}
{"ts": "2026-09-30T04:23:38.615902+00:00", "level": "info", "logger": "researchforge.research", "msg": "[RESEARCH] tool_invocation action=READ tool=get_paper", "rf_action": "READ", "rf_tool": "get_paper"}
{"ts": "2026-09-30T04:23:38.623739+00:00", "level": "info", "logger": "researchforge.research", "msg": "[RESEARCH] tool_invocation action=READ tool=get_paper", "rf_action": "READ", "rf_tool": "get_paper"}
{"ts": "2026-09-30T04:23:38.630548+00:00", "level": "info", "logger": "researchforge.research", "msg": "[RESEARCH] tool_invocation action=READ tool=search_paper_text", "rf_action": "READ", "rf_tool": "search_paper_text"}
{"ts": "2026-09-30T04:23:38.640052+00:00", "level": "info", "logger": "researchforge.research", "msg": "[RESEARCH] tool_invocation action=READ tool=search_papers", "rf_action": "READ", "rf_tool": "search_papers"}
{"ts": "2026-09-30T04:24:32.263997+00:00", "level": "info", "logger": "researchforge.research", "msg": "[RESEARCH] tool_invocation action=READ tool=get_paper", "rf_action": "READ", "rf_tool": "get_paper"}
{"ts": "2026-09-30T04:24:32.278058+00:00", "level": "info", "logger": "researchforge.research", "msg": "[RESEARCH] tool_invocation action=READ tool=search_papers", "rf_action": "READ", "rf_tool": "search_papers"}
{"ts": "2026-09-30T04:26:57.182472+00:00", "level": "info", "logger": "researchforge.research", "msg": "[RESEARCH] tool_invocation action=READ tool=search_paper_text", "rf_action": "READ", "rf_tool": "search_paper_text"}
{"ts": "2026-09-30T04:26:57.194494+00:00", "level": "info", "logger": "researchforge.research", "msg": "[RESEARCH] tool_invocation action=READ tool=inspect_repository", "rf_action": "READ", "rf_tool": "inspect_repository"}
{"ts": "2026-09-30T04:27:00.787249+00:00", "level": "info", "logger": "researchforge.research", "msg": "[RESEARCH] tool_invocation action=READ tool=search_github", "rf_action": "READ", "rf_tool": "search_github"}
{"ts": "2026-09-30T04:27:22.979537+00:00", "level": "info", "logger": "researchforge.research", "msg": "[RESEARCH] tool_invocation action=READ tool=fetch_paper_text", "rf_action": "READ", "rf_tool": "fetch_paper_text"}
{"ts": "2026-09-30T04:27:23.755121+00:00", "level": "info", "logger": "researchforge.research", "msg": "[RESEARCH] tool_invocation action=READ tool=search_github", "rf_action": "READ", "rf_tool": "search_github"}
{"ts": "2026-09-30T04:27:51.012418+00:00", "level": "info", "logger": "researchforge.research", "msg": "[RESEARCH] tool_invocation action=READ tool=search_paper_text", "rf_action": "READ", "rf_tool": "search_paper_text"}
{"ts": "2026-09-30T04:27:51.044989+00:00", "level": "info", "logger": "researchforge.research", "msg": "[RESEARCH] tool_invocation action=READ tool=search_paper_text", "rf_action": "READ", "rf_tool": "search_paper_text"}
{"ts": "2026-09-30T04:27:51.051946+00:00", "level": "info", "logger": "researchforge.research", "msg": "[RESEARCH] tool_invocation action=READ tool=search_paper_text", "rf_action": "READ", "rf_tool": "search_paper_text"}
{"ts": "2026-09-30T04:28:39.378998+00:00", "level": "info", "logger": "researchforge.research", "msg": "[RESEARCH] tool_invocation action=READ tool=record_paper_analysis", "rf_action": "READ", "rf_tool": "record_paper_analysis"}
{"ts": "2026-09-30T04:28:39.412884+00:00", "level": "info", "logger": "researchforge.research", "msg": "[RESEARCH] tool_invocation action=READ tool=record_paper_analysis", "rf_action": "READ", "rf_tool": "record_paper_analysis"}
{"ts": "2026-09-30T04:28:39.421060+00:00", "level": "info", "logger": "researchforge.research", "msg": "[RESEARCH] tool_invocation action=READ tool=record_paper_analysis", "rf_action": "READ", "rf_tool": "record_paper_analysis"}
{"ts": "2026-09-30T04:28:39.430065+00:00", "level": "info", "logger": "researchforge.research", "msg": "[RESEARCH] tool_invocation action=READ tool=record_paper_analysis", "rf_action": "READ", "rf_tool": "record_paper_analysis"}
{"ts": "2026-09-30T04:28:39.435569+00:00", "level": "info", "logger": "researchforge.research", "msg": "[RESEARCH] tool_invocation action=READ tool=record_paper_analysis", "rf_action": "READ", "rf_tool": "record_paper_analysis"}
{"ts": "2026-09-30T04:29:04.172096+00:00", "level": "info", "logger": "researchforge.research", "msg": "[RESEARCH] tool_invocation action=READ tool=record_paper_analysis", "rf_action": "READ", "rf_tool": "record_paper_analysis"}
{"ts": "2026-09-30T04:29:04.199551+00:00", "level": "info", "logger": "researchforge.research", "msg": "[RESEARCH] tool_invocation action=READ tool=record_paper_analysis", "rf_action": "READ", "rf_tool": "record_paper_analysis"}
{"ts": "2026-09-30T04:29:04.210144+00:00", "level": "info", "logger": "researchforge.research", "msg": "[RESEARCH] tool_invocation action=READ tool=record_paper_analysis", "rf_action": "READ", "rf_tool": "record_paper_analysis"}
{"ts": "2026-09-30T04:29:04.220851+00:00", "level": "info", "logger": "researchforge.research", "msg": "[RESEARCH] tool_invocation action=READ tool=record_paper_analysis", "rf_action": "READ", "rf_tool": "record_paper_analysis"}
{"ts": "2026-09-30T04:29:58.602207+00:00", "level": "info", "logger": "researchforge.research", "msg": "[RESEARCH] tool_invocation action=READ tool=record_paper_analysis", "rf_action": "READ", "rf_tool": "record_paper_analysis"}
{"ts": "2026-09-30T04:29:58.637687+00:00", "level": "info", "logger": "researchforge.research", "msg": "[RESEARCH] tool_invocation action=READ tool=record_paper_analysis", "rf_action": "READ", "rf_tool": "record_paper_analysis"}
{"ts": "2026-09-30T04:29:58.647221+00:00", "level": "info", "logger": "researchforge.research", "msg": "[RESEARCH] tool_invocation action=READ tool=record_paper_analysis", "rf_action": "READ", "rf_tool": "record_paper_analysis"}
{"ts": "2026-09-30T04:29:58.656850+00:00", "level": "info", "logger": "researchforge.research", "msg": "[RESEARCH] tool_invocation action=READ tool=record_paper_analysis", "rf_action": "READ", "rf_tool": "record_paper_analysis"}
{"ts": "2026-09-30T04:29:58.665064+00:00", "level": "info", "logger": "researchforge.research", "msg": "[RESEARCH] tool_invocation action=READ tool=update_uncertainty", "rf_action": "READ", "rf_tool": "update_uncertainty"}
{"ts": "2026-09-30T04:29:58.672315+00:00", "level": "info", "logger": "researchforge.research", "msg": "[RESEARCH] tool_invocation action=READ tool=record_uncertainty", "rf_action": "READ", "rf_tool": "record_uncertainty"}
{"ts": "2026-09-30T04:30:38.673783+00:00", "level": "info", "logger": "researchforge.research", "msg": "[RESEARCH] tool_invocation action=READ tool=record_claim", "rf_action": "READ", "rf_tool": "record_claim"}
{"ts": "2026-09-30T04:30:38.691219+00:00", "level": "info", "logger": "researchforge.research", "msg": "[RESEARCH] tool_invocation action=READ tool=record_claim", "rf_action": "READ", "rf_tool": "record_claim"}
{"ts": "2026-09-30T04:30:38.724755+00:00", "level": "info", "logger": "researchforge.research", "msg": "[RESEARCH] tool_invocation action=READ tool=record_claim", "rf_action": "READ", "rf_tool": "record_claim"}
{"ts": "2026-09-30T04:30:38.750500+00:00", "level": "info", "logger": "researchforge.research", "msg": "[RESEARCH] tool_invocation action=READ tool=record_claim", "rf_action": "READ", "rf_tool": "record_claim"}
{"ts": "2026-09-30T04:30:38.755756+00:00", "level": "info", "logger": "researchforge.research", "msg": "[RESEARCH] tool_invocation action=READ tool=record_claim", "rf_action": "READ", "rf_tool": "record_claim"}
{"ts": "2026-09-30T04:30:38.761900+00:00", "level": "info", "logger": "researchforge.research", "msg": "[RESEARCH] tool_invocation action=READ tool=record_claim", "rf_action": "READ", "rf_tool": "record_claim"}
{"ts": "2026-09-30T04:30:41.655269+00:00", "level": "info", "logger": "researchforge.research", "msg": "[RESEARCH] tool_invocation action=READ tool=get_research_state", "rf_action": "READ", "rf_tool": "get_research_state"}
{"ts": "2026-09-30T04:30:44.142719+00:00", "level": "info", "logger": "researchforge.research", "msg": "[RESEARCH] uncertainty_status uncertainty=U002 before=open after=partially_resolved verdict=", "rf_uncertainty": "U002", "rf_before": "open", "rf_after": "partially_resolved", "rf_verdict": ""}
{"ts": "2026-09-30T04:30:44.142859+00:00", "level": "info", "logger": "researchforge.research", "msg": "[RESEARCH] uncertainty_added uncertainty=U004 importance=high category=novelty raised_by=INVESTIGATE", "rf_uncertainty": "U004", "rf_importance": "high", "rf_category": "novelty", "rf_raised_by": "INVESTIGATE"}
{"ts": "2026-09-30T04:30:44.151430+00:00", "level": "info", "logger": "researchforge.research", "msg": "[RESEARCH] result action=READ progressed=True info_gain=14.5 tools=fetch_paper_text,get_paper,get_research_state,inspect_repository,list_papers,record_claim,record_paper_analysis,record_u outcome=\"+20 papers; +4 searches; +9 analyses; +6 claims; +6 verified claims; +1 contradicted conclusions; +1 uncertainties; unce\" papers=67 open_uncertainties=4", "rf_action": "READ", "rf_progressed": true, "rf_info_gain": 14.5, "rf_tools": "fetch_paper_text,get_paper,get_research_state,inspect_repository,list_papers,record_claim,record_paper_analysis,record_uncertainty,search_github,search_paper_text,search_papers,update_uncertainty", "rf_outcome": "+20 papers; +4 searches; +9 analyses; +6 claims; +6 verified claims; +1 contradicted conclusions; +1 uncertainties; uncertainties updated: U002", "rf_papers": 67, "rf_open_uncertainties": 4}
{"ts": "2026-09-30T04:30:44.162723+00:00", "level": "info", "logger": "researchforge.research", "msg": "[RESEARCH] decision phase=SYNTHESIZE action=SYNTHESIZE focus= reason=\"Analyses exist but the field has not been mapped.\" iteration=3 open_uncertainties=4 candidates=", "rf_phase": "SYNTHESIZE", "rf_action": "SYNTHESIZE", "rf_focus": "", "rf_reason": "Analyses exist but the field has not been mapped.", "rf_iteration": 3, "rf_open_uncertainties": 4, "rf_candidates": ""}
{"ts": "2026-09-30T04:30:48.283293+00:00", "level": "info", "logger": "researchforge.research", "msg": "[RESEARCH] tool_invocation action=SYNTHESIZE tool=get_records", "rf_action": "SYNTHESIZE", "rf_tool": "get_records"}
{"ts": "2026-09-30T04:31:08.133025+00:00", "level": "info", "logger": "researchforge.research", "msg": "[RESEARCH] tool_invocation action=SYNTHESIZE tool=record_landscape", "rf_action": "SYNTHESIZE", "rf_tool": "record_landscape"}
{"ts": "2026-09-30T04:31:08.144309+00:00", "level": "info", "logger": "researchforge.research", "msg": "[RESEARCH] tool_invocation action=SYNTHESIZE tool=record_uncertainty", "rf_action": "SYNTHESIZE", "rf_tool": "record_uncertainty"}
{"ts": "2026-09-30T04:31:08.154504+00:00", "level": "info", "logger": "researchforge.research", "msg": "[RESEARCH] tool_invocation action=SYNTHESIZE tool=update_uncertainty", "rf_action": "SYNTHESIZE", "rf_tool": "update_uncertainty"}
{"ts": "2026-09-30T04:31:11.669572+00:00", "level": "info", "logger": "researchforge.research", "msg": "[RESEARCH] uncertainty_status uncertainty=U001 before=open after=partially_resolved verdict=", "rf_uncertainty": "U001", "rf_before": "open", "rf_after": "partially_resolved", "rf_verdict": ""}
{"ts": "2026-09-30T04:31:11.669618+00:00", "level": "info", "logger": "researchforge.research", "msg": "[RESEARCH] uncertainty_added uncertainty=U005 importance=high category=direction raised_by=SYNTHESIZE", "rf_uncertainty": "U005", "rf_importance": "high", "rf_category": "direction", "rf_raised_by": "SYNTHESIZE"}
{"ts": "2026-09-30T04:31:11.678276+00:00", "level": "info", "logger": "researchforge.research", "msg": "[RESEARCH] result action=SYNTHESIZE progressed=True info_gain=1.0 tools=get_records,record_landscape,record_uncertainty,update_uncertainty outcome=\"+1 uncertainties; landscape recorded; uncertainties updated: U001\" papers=67 open_uncertainties=5", "rf_action": "SYNTHESIZE", "rf_progressed": true, "rf_info_gain": 1.0, "rf_tools": "get_records,record_landscape,record_uncertainty,update_uncertainty", "rf_outcome": "+1 uncertainties; landscape recorded; uncertainties updated: U001", "rf_papers": 67, "rf_open_uncertainties": 5}
{"ts": "2026-09-30T04:31:11.690728+00:00", "level": "info", "logger": "researchforge.research", "msg": "[RESEARCH] decision phase=CRITIQUE action=CRITIQUE focus= reason=\"The idea has not been challenged yet.\" iteration=4 open_uncertainties=5 candidates=", "rf_phase": "CRITIQUE", "rf_action": "CRITIQUE", "rf_focus": "", "rf_reason": "The idea has not been challenged yet.", "rf_iteration": 4, "rf_open_uncertainties": 5, "rf_candidates": ""}
{"ts": "2026-09-30T04:31:31.085756+00:00", "level": "info", "logger": "researchforge.research", "msg": "[RESEARCH] tool_invocation action=CRITIQUE tool=record_claim", "rf_action": "CRITIQUE", "rf_tool": "record_claim"}
{"ts": "2026-09-30T04:31:31.119077+00:00", "level": "info", "logger": "researchforge.research", "msg": "[RESEARCH] tool_invocation action=CRITIQUE tool=record_claim", "rf_action": "CRITIQUE", "rf_tool": "record_claim"}
{"ts": "2026-09-30T04:31:31.126762+00:00", "level": "info", "logger": "researchforge.research", "msg": "[RESEARCH] tool_invocation action=CRITIQUE tool=record_claim", "rf_action": "CRITIQUE", "rf_tool": "record_claim"}
{"ts": "2026-09-30T04:31:31.156077+00:00", "level": "info", "logger": "researchforge.research", "msg": "[RESEARCH] tool_invocation action=CRITIQUE tool=record_claim", "rf_action": "CRITIQUE", "rf_tool": "record_claim"}
{"ts": "2026-09-30T04:31:31.162965+00:00", "level": "info", "logger": "researchforge.research", "msg": "[RESEARCH] tool_invocation action=CRITIQUE tool=record_claim", "rf_action": "CRITIQUE", "rf_tool": "record_claim"}
{"ts": "2026-09-30T04:31:31.169459+00:00", "level": "info", "logger": "researchforge.research", "msg": "[RESEARCH] tool_invocation action=CRITIQUE tool=record_uncertainty", "rf_action": "CRITIQUE", "rf_tool": "record_uncertainty"}
{"ts": "2026-09-30T04:31:31.177716+00:00", "level": "info", "logger": "researchforge.research", "msg": "[RESEARCH] tool_invocation action=CRITIQUE tool=record_uncertainty", "rf_action": "CRITIQUE", "rf_tool": "record_uncertainty"}
{"ts": "2026-09-30T04:31:31.184600+00:00", "level": "info", "logger": "researchforge.research", "msg": "[RESEARCH] tool_invocation action=CRITIQUE tool=update_uncertainty", "rf_action": "CRITIQUE", "rf_tool": "update_uncertainty"}
{"ts": "2026-09-30T04:31:31.192661+00:00", "level": "info", "logger": "researchforge.research", "msg": "[RESEARCH] tool_invocation action=CRITIQUE tool=update_uncertainty", "rf_action": "CRITIQUE", "rf_tool": "update_uncertainty"}
{"ts": "2026-09-30T04:31:44.767145+00:00", "level": "info", "logger": "researchforge.research", "msg": "[RESEARCH] tool_invocation action=CRITIQUE tool=record_critique", "rf_action": "CRITIQUE", "rf_tool": "record_critique"}
{"ts": "2026-09-30T04:31:46.976438+00:00", "level": "info", "logger": "researchforge.research", "msg": "[RESEARCH] uncertainty_status uncertainty=U005 before=open after=partially_resolved verdict=", "rf_uncertainty": "U005", "rf_before": "open", "rf_after": "partially_resolved", "rf_verdict": ""}
{"ts": "2026-09-30T04:31:46.976614+00:00", "level": "info", "logger": "researchforge.research", "msg": "[RESEARCH] uncertainty_added uncertainty=U006 importance=high category=evaluation raised_by=CRITIQUE", "rf_uncertainty": "U006", "rf_importance": "high", "rf_category": "evaluation", "rf_raised_by": "CRITIQUE"}
{"ts": "2026-09-30T04:31:46.976635+00:00", "level": "info", "logger": "researchforge.research", "msg": "[RESEARCH] uncertainty_added uncertainty=U007 importance=high category=evaluation raised_by=CRITIQUE", "rf_uncertainty": "U007", "rf_importance": "high", "rf_category": "evaluation", "rf_raised_by": "CRITIQUE"}
{"ts": "2026-09-30T04:31:46.984903+00:00", "level": "info", "logger": "researchforge.research", "msg": "[RESEARCH] result action=CRITIQUE progressed=True info_gain=5.0 tools=record_claim,record_critique,record_uncertainty,update_uncertainty outcome=\"+5 claims; +4 verified claims; +2 uncertainties; critique recorded; uncertainties updated: U005\" papers=67 open_uncertainties=7", "rf_action": "CRITIQUE", "rf_progressed": true, "rf_info_gain": 5.0, "rf_tools": "record_claim,record_critique,record_uncertainty,update_uncertainty", "rf_outcome": "+5 claims; +4 verified claims; +2 uncertainties; critique recorded; uncertainties updated: U005", "rf_papers": 67, "rf_open_uncertainties": 7}
{"ts": "2026-09-30T04:31:46.986265+00:00", "level": "info", "logger": "researchforge.research", "msg": "[RESEARCH] uncertainty_added uncertainty=U008 importance=high category=contradiction raised_by=controller question=\"Does published work contradict the current assessment: Three distinctions are claimed: (i) the temporal term is attached\"", "rf_uncertainty": "U008", "rf_importance": "high", "rf_category": "contradiction", "rf_raised_by": "controller", "rf_question": "Does published work contradict the current assessment: Three distinctions are claimed: (i) the temporal term is attached post hoc to an arbitrary base retriever, whereas the closest systems hard-code temporal handling in a fixed pipeline; (ii) it targets continuously amended statutes/regulations wit"}
{"ts": "2026-09-30T04:31:46.997980+00:00", "level": "info", "logger": "researchforge.research", "msg": "[RESEARCH] decision phase=CHALLENGE action=CHALLENGE focus=\"U008: Does published work contradict the current assessment: Three distinctions are claimed: (i) the temporal term is at\" reason=\"Most valuable next step for high-importance contradiction question U008: score 1.4 = importance 3 x expected gain 0.7 x \" iteration=5 open_uncertainties=8 candidates=\"CHALLENGE:U008=1.4; SEARCH:U004=1.08; SEARCH:U006=0.864; SEARCH:U001=0.756\"", "rf_phase": "CHALLENGE", "rf_action": "CHALLENGE", "rf_focus": "U008: Does published work contradict the current assessment: Three distinctions are claimed: (i) the temporal term is attached post hoc to an arbitrary base retriever, whereas the closest systems hard-code temporal handling in a fixed pipeline; (ii) it targets continuously amended statutes/regulatio", "rf_reason": "Most valuable next step for high-importance contradiction question U008: score 1.4 = importance 3 x expected gain 0.7 x relevance 1 x evidence deficiency 1 / cost 1.5. Next best: SEARCH on U004 (1.08).", "rf_iteration": 5, "rf_open_uncertainties": 8, "rf_candidates": "CHALLENGE:U008=1.4; SEARCH:U004=1.08; SEARCH:U006=0.864; SEARCH:U001=0.756"}
{"ts": "2026-09-30T04:31:53.748193+00:00", "level": "info", "logger": "researchforge.research", "msg": "[RESEARCH] tool_invocation action=CHALLENGE tool=search_papers", "rf_action": "CHALLENGE", "rf_tool": "search_papers"}
{"ts": "2026-09-30T04:32:32.264359+00:00", "level": "info", "logger": "researchforge.research", "msg": "[RESEARCH] tool_invocation action=CHALLENGE tool=search_papers", "rf_action": "CHALLENGE", "rf_tool": "search_papers"}
{"ts": "2026-09-30T04:32:34.380413+00:00", "level": "info", "logger": "researchforge.research", "msg": "[RESEARCH] tool_invocation action=CHALLENGE tool=search_papers", "rf_action": "CHALLENGE", "rf_tool": "search_papers"}
{"ts": "2026-09-30T04:32:34.391776+00:00", "level": "info", "logger": "researchforge.research", "msg": "[RESEARCH] tool_invocation action=CHALLENGE tool=expand_citations", "rf_action": "CHALLENGE", "rf_tool": "expand_citations"}
{"ts": "2026-09-30T04:32:37.026210+00:00", "level": "info", "logger": "researchforge.research", "msg": "[RESEARCH] tool_invocation action=CHALLENGE tool=expand_citations", "rf_action": "CHALLENGE", "rf_tool": "expand_citations"}
{"ts": "2026-09-30T04:32:42.643126+00:00", "level": "info", "logger": "researchforge.research", "msg": "[RESEARCH] tool_invocation action=CHALLENGE tool=get_paper", "rf_action": "CHALLENGE", "rf_tool": "get_paper"}
{"ts": "2026-09-30T04:32:42.658615+00:00", "level": "info", "logger": "researchforge.research", "msg": "[RESEARCH] tool_invocation action=CHALLENGE tool=get_paper", "rf_action": "CHALLENGE", "rf_tool": "get_paper"}
{"ts": "2026-09-30T04:32:42.668824+00:00", "level": "info", "logger": "researchforge.research", "msg": "[RESEARCH] tool_invocation action=CHALLENGE tool=get_paper", "rf_action": "CHALLENGE", "rf_tool": "get_paper"}
{"ts": "2026-09-30T04:32:42.676853+00:00", "level": "info", "logger": "researchforge.research", "msg": "[RESEARCH] tool_invocation action=CHALLENGE tool=get_paper", "rf_action": "CHALLENGE", "rf_tool": "get_paper"}
{"ts": "2026-09-30T04:32:42.684474+00:00", "level": "info", "logger": "researchforge.research", "msg": "[RESEARCH] tool_invocation action=CHALLENGE tool=get_paper", "rf_action": "CHALLENGE", "rf_tool": "get_paper"}
{"ts": "2026-09-30T04:32:48.263948+00:00", "level": "info", "logger": "researchforge.research", "msg": "[RESEARCH] tool_invocation action=CHALLENGE tool=fetch_paper_text", "rf_action": "CHALLENGE", "rf_tool": "fetch_paper_text"}
{"ts": "2026-09-30T04:32:49.170474+00:00", "level": "info", "logger": "researchforge.research", "msg": "[RESEARCH] tool_invocation action=CHALLENGE tool=fetch_paper_text", "rf_action": "CHALLENGE", "rf_tool": "fetch_paper_text"}
{"ts": "2026-09-30T04:32:49.289180+00:00", "level": "info", "logger": "researchforge.research", "msg": "[RESEARCH] tool_invocation action=CHALLENGE tool=fetch_paper_text", "rf_action": "CHALLENGE", "rf_tool": "fetch_paper_text"}
{"ts": "2026-09-30T04:32:55.580748+00:00", "level": "info", "logger": "researchforge.research", "msg": "[RESEARCH] tool_invocation action=CHALLENGE tool=search_paper_text", "rf_action": "CHALLENGE", "rf_tool": "search_paper_text"}
{"ts": "2026-09-30T04:32:55.590563+00:00", "level": "info", "logger": "researchforge.research", "msg": "[RESEARCH] tool_invocation action=CHALLENGE tool=search_paper_text", "rf_action": "CHALLENGE", "rf_tool": "search_paper_text"}
{"ts": "2026-09-30T04:32:55.596392+00:00", "level": "info", "logger": "researchforge.research", "msg": "[RESEARCH] tool_invocation action=CHALLENGE tool=search_paper_text", "rf_action": "CHALLENGE", "rf_tool": "search_paper_text"}
{"ts": "2026-09-30T04:32:55.602484+00:00", "level": "info", "logger": "researchforge.research", "msg": "[RESEARCH] tool_invocation action=CHALLENGE tool=search_paper_text", "rf_action": "CHALLENGE", "rf_tool": "search_paper_text"}
{"ts": "2026-09-30T04:32:55.606108+00:00", "level": "info", "logger": "researchforge.research", "msg": "[RESEARCH] tool_invocation action=CHALLENGE tool=search_paper_text", "rf_action": "CHALLENGE", "rf_tool": "search_paper_text"}
{"ts": "2026-09-30T04:33:22.849493+00:00", "level": "info", "logger": "researchforge.research", "msg": "[RESEARCH] tool_invocation action=CHALLENGE tool=record_claim", "rf_action": "CHALLENGE", "rf_tool": "record_claim"}
{"ts": "2026-09-30T04:33:22.914233+00:00", "level": "info", "logger": "researchforge.research", "msg": "[RESEARCH] tool_invocation action=CHALLENGE tool=record_claim", "rf_action": "CHALLENGE", "rf_tool": "record_claim"}
{"ts": "2026-09-30T04:33:22.937577+00:00", "level": "info", "logger": "researchforge.research", "msg": "[RESEARCH] tool_invocation action=CHALLENGE tool=record_claim", "rf_action": "CHALLENGE", "rf_tool": "record_claim"}
{"ts": "2026-09-30T04:33:22.954752+00:00", "level": "info", "logger": "researchforge.research", "msg": "[RESEARCH] tool_invocation action=CHALLENGE tool=record_claim", "rf_action": "CHALLENGE", "rf_tool": "record_claim"}
{"ts": "2026-09-30T04:33:22.961124+00:00", "level": "info", "logger": "researchforge.research", "msg": "[RESEARCH] tool_invocation action=CHALLENGE tool=record_claim", "rf_action": "CHALLENGE", "rf_tool": "record_claim"}
{"ts": "2026-09-30T04:33:22.982037+00:00", "level": "info", "logger": "researchforge.research", "msg": "[RESEARCH] tool_invocation action=CHALLENGE tool=record_claim", "rf_action": "CHALLENGE", "rf_tool": "record_claim"}
{"ts": "2026-09-30T04:33:23.012498+00:00", "level": "info", "logger": "researchforge.research", "msg": "[RESEARCH] tool_invocation action=CHALLENGE tool=record_claim", "rf_action": "CHALLENGE", "rf_tool": "record_claim"}
{"ts": "2026-09-30T04:33:23.033258+00:00", "level": "info", "logger": "researchforge.research", "msg": "[RESEARCH] tool_invocation action=CHALLENGE tool=record_challenge_result", "rf_action": "CHALLENGE", "rf_tool": "record_challenge_result"}
{"ts": "2026-09-30T04:33:23.045751+00:00", "level": "info", "logger": "researchforge.research", "msg": "[RESEARCH] tool_invocation action=CHALLENGE tool=update_uncertainty", "rf_action": "CHALLENGE", "rf_tool": "update_uncertainty"}
{"ts": "2026-09-30T04:33:23.064156+00:00", "level": "info", "logger": "researchforge.research", "msg": "[RESEARCH] tool_invocation action=CHALLENGE tool=update_uncertainty", "rf_action": "CHALLENGE", "rf_tool": "update_uncertainty"}
{"ts": "2026-09-30T04:33:39.048872+00:00", "level": "info", "logger": "researchforge.research", "msg": "[RESEARCH] tool_invocation action=CHALLENGE tool=record_paper_analysis", "rf_action": "CHALLENGE", "rf_tool": "record_paper_analysis"}
{"ts": "2026-09-30T04:33:39.088528+00:00", "level": "info", "logger": "researchforge.research", "msg": "[RESEARCH] tool_invocation action=CHALLENGE tool=record_paper_analysis", "rf_action": "CHALLENGE", "rf_tool": "record_paper_analysis"}
{"ts": "2026-09-30T04:33:39.099831+00:00", "level": "info", "logger": "researchforge.research", "msg": "[RESEARCH] tool_invocation action=CHALLENGE tool=record_paper_analysis", "rf_action": "CHALLENGE", "rf_tool": "record_paper_analysis"}
{"ts": "2026-09-30T04:33:39.115571+00:00", "level": "info", "logger": "researchforge.research", "msg": "[RESEARCH] tool_invocation action=CHALLENGE tool=record_uncertainty", "rf_action": "CHALLENGE", "rf_tool": "record_uncertainty"}
{"ts": "2026-09-30T04:33:42.987460+00:00", "level": "info", "logger": "researchforge.research", "msg": "[RESEARCH] uncertainty_status uncertainty=U003 before=open after=partially_resolved verdict=", "rf_uncertainty": "U003", "rf_before": "open", "rf_after": "partially_resolved", "rf_verdict": ""}
{"ts": "2026-09-30T04:33:42.987505+00:00", "level": "info", "logger": "researchforge.research", "msg": "[RESEARCH] uncertainty_status uncertainty=U008 before=open after=partially_resolved verdict=holds", "rf_uncertainty": "U008", "rf_before": "open", "rf_after": "partially_resolved", "rf_verdict": "holds"}
{"ts": "2026-09-30T04:33:42.987524+00:00", "level": "info", "logger": "researchforge.research", "msg": "[RESEARCH] uncertainty_added uncertainty=U009 importance=high category=direction raised_by=CHALLENGE", "rf_uncertainty": "U009", "rf_importance": "high", "rf_category": "direction", "rf_raised_by": "CHALLENGE"}
{"ts": "2026-09-30T04:33:42.997362+00:00", "level": "info", "logger": "researchforge.research", "msg": "[RESEARCH] result action=CHALLENGE progressed=True info_gain=9.0 tools=expand_citations,fetch_paper_text,get_paper,record_challenge_result,record_claim,record_paper_analysis,record_uncertaint outcome=\"+33 papers; +4 searches; +3 analyses; +7 claims; +7 verified claims; +1 uncertainties; uncertainties updated: U003, U008\" papers=100 open_uncertainties=9", "rf_action": "CHALLENGE", "rf_progressed": true, "rf_info_gain": 9.0, "rf_tools": "expand_citations,fetch_paper_text,get_paper,record_challenge_result,record_claim,record_paper_analysis,record_uncertainty,search_paper_text,search_papers,update_uncertainty", "rf_outcome": "+33 papers; +4 searches; +3 analyses; +7 claims; +7 verified claims; +1 uncertainties; uncertainties updated: U003, U008", "rf_papers": 100, "rf_open_uncertainties": 9}
{"ts": "2026-09-30T04:33:43.019511+00:00", "level": "info", "logger": "researchforge.research", "msg": "[RESEARCH] decision phase=UNCERTAINTY action=REFINE focus=\"U009: Given that validity-aware legal retrieval is already prescribed and partially implemented, can a post-hoc temporal\" reason=\"Most valuable next step for high-importance direction question U009: score 0.81 = importance 3 x expected gain 0.5 x rel\" iteration=6 open_uncertainties=9 candidates=\"REFINE:U009=0.81; REFINE:U006=0.72; REFINE:U007=0.72; COMPARE:U004=0.72\"", "rf_phase": "UNCERTAINTY", "rf_action": "REFINE", "rf_focus": "U009: Given that validity-aware legal retrieval is already prescribed and partially implemented, can a post-hoc temporal re-ranking component still be positioned as a distinct contribution, or is the remaining defensible delta only version-level contamination measurement on near-duplicate amended cl", "rf_reason": "Most valuable next step for high-importance direction question U009: score 0.81 = importance 3 x expected gain 0.5 x relevance 0.9 x evidence deficiency 0.6 / cost 1. Next best: REFINE on U006 (0.72).", "rf_iteration": 6, "rf_open_uncertainties": 9, "rf_candidates": "REFINE:U009=0.81; REFINE:U006=0.72; REFINE:U007=0.72; COMPARE:U004=0.72"}
{"ts": "2026-09-30T04:34:08.708779+00:00", "level": "info", "logger": "researchforge.research", "msg": "[RESEARCH] tool_invocation action=REFINE tool=record_gap", "rf_action": "REFINE", "rf_tool": "record_gap"}
{"ts": "2026-09-30T04:34:08.781059+00:00", "level": "info", "logger": "researchforge.research", "msg": "[RESEARCH] tool_invocation action=REFINE tool=record_gap", "rf_action": "REFINE", "rf_tool": "record_gap"}
{"ts": "2026-09-30T04:34:29.493930+00:00", "level": "info", "logger": "researchforge.research", "msg": "[RESEARCH] tool_invocation action=REFINE tool=record_modification", "rf_action": "REFINE", "rf_tool": "record_modification"}
{"ts": "2026-09-30T04:34:29.506574+00:00", "level": "info", "logger": "researchforge.research", "msg": "[RESEARCH] tool_invocation action=REFINE tool=record_modification", "rf_action": "REFINE", "rf_tool": "record_modification"}
{"ts": "2026-09-30T04:34:29.513623+00:00", "level": "info", "logger": "researchforge.research", "msg": "[RESEARCH] tool_invocation action=REFINE tool=record_modification", "rf_action": "REFINE", "rf_tool": "record_modification"}
{"ts": "2026-09-30T04:34:29.524057+00:00", "level": "info", "logger": "researchforge.research", "msg": "[RESEARCH] tool_invocation action=REFINE tool=record_modification", "rf_action": "REFINE", "rf_tool": "record_modification"}
{"ts": "2026-09-30T04:34:29.531732+00:00", "level": "info", "logger": "researchforge.research", "msg": "[RESEARCH] tool_invocation action=REFINE tool=record_direction", "rf_action": "REFINE", "rf_tool": "record_direction"}
{"ts": "2026-09-30T04:34:29.543752+00:00", "level": "info", "logger": "researchforge.research", "msg": "[RESEARCH] tool_invocation action=REFINE tool=update_uncertainty", "rf_action": "REFINE", "rf_tool": "update_uncertainty"}
{"ts": "2026-09-30T04:34:29.556294+00:00", "level": "info", "logger": "researchforge.research", "msg": "[RESEARCH] tool_invocation action=REFINE tool=update_uncertainty", "rf_action": "REFINE", "rf_tool": "update_uncertainty"}
{"ts": "2026-09-30T04:34:29.564546+00:00", "level": "info", "logger": "researchforge.research", "msg": "[RESEARCH] tool_invocation action=REFINE tool=update_uncertainty", "rf_action": "REFINE", "rf_tool": "update_uncertainty"}
{"ts": "2026-09-30T04:34:42.813169+00:00", "level": "info", "logger": "researchforge.research", "msg": "[RESEARCH] tool_invocation action=REFINE tool=record_modification", "rf_action": "REFINE", "rf_tool": "record_modification"}
{"ts": "2026-09-30T04:34:42.829253+00:00", "level": "info", "logger": "researchforge.research", "msg": "[RESEARCH] tool_invocation action=REFINE tool=record_modification", "rf_action": "REFINE", "rf_tool": "record_modification"}
{"ts": "2026-09-30T04:34:42.839998+00:00", "level": "info", "logger": "researchforge.research", "msg": "[RESEARCH] tool_invocation action=REFINE tool=record_modification", "rf_action": "REFINE", "rf_tool": "record_modification"}
{"ts": "2026-09-30T04:34:42.848937+00:00", "level": "info", "logger": "researchforge.research", "msg": "[RESEARCH] tool_invocation action=REFINE tool=record_modification", "rf_action": "REFINE", "rf_tool": "record_modification"}
{"ts": "2026-09-30T04:34:46.938820+00:00", "level": "info", "logger": "researchforge.research", "msg": "[RESEARCH] uncertainty_status uncertainty=U002 before=partially_resolved after=resolved verdict=", "rf_uncertainty": "U002", "rf_before": "partially_resolved", "rf_after": "resolved", "rf_verdict": ""}
{"ts": "2026-09-30T04:34:46.939017+00:00", "level": "info", "logger": "researchforge.research", "msg": "[RESEARCH] confidence_change uncertainty=U002 before=None after=0.7 basis=\"Convergent but indirect evidence: a legal-retrieval framework deriving bitemporal valid-time correctness from legal theo\"", "rf_uncertainty": "U002", "rf_before": null, "rf_after": 0.7, "rf_basis": "Convergent but indirect evidence: a legal-retrieval framework deriving bitemporal valid-time correctness from legal theory, a survey listing recency bias as a documented retrieval failure mode, and a point-in-time system enforcing a hard as-of boundary. No experiment on amended statutes has yet comp"}
{"ts": "2026-09-30T04:34:46.939043+00:00", "level": "info", "logger": "researchforge.research", "msg": "[RESEARCH] uncertainty_status uncertainty=U004 before=open after=partially_resolved verdict=", "rf_uncertainty": "U004", "rf_before": "open", "rf_after": "partially_resolved", "rf_verdict": ""}
{"ts": "2026-09-30T04:34:46.939062+00:00", "level": "info", "logger": "researchforge.research", "msg": "[RESEARCH] uncertainty_status uncertainty=U009 before=open after=partially_resolved verdict=", "rf_uncertainty": "U009", "rf_before": "open", "rf_after": "partially_resolved", "rf_verdict": ""}
{"ts": "2026-09-30T04:34:46.939144+00:00", "level": "info", "logger": "researchforge.research", "msg": "[RESEARCH] direction_change direction=D001 change_type=REFINE_SCOPE previous=\"original idea\" confidence=medium rationale=\"The evidence shows the original framing is largely pre-empted: semantic-plus-exponential-decay hybrid retrieval with a t\"", "rf_direction": "D001", "rf_change_type": "REFINE_SCOPE", "rf_previous": "original idea", "rf_confidence": "medium", "rf_rationale": "The evidence shows the original framing is largely pre-empted: semantic-plus-exponential-decay hybrid retrieval with a temporal benchmark is published, learnable decay in retrieval is published, the valid-time/bitemporal requirement is already articulated in legal-retrieval theory, a legal benchmark"}
{"ts": "2026-09-30T04:34:46.949642+00:00", "level": "info", "logger": "researchforge.research", "msg": "[RESEARCH] result action=REFINE progressed=True info_gain=3.0 tools=record_direction,record_gap,record_modification,update_uncertainty outcome=\"+2 gaps; +4 modifications; +1 directions; +1 resolved uncertainties; uncertainties updated: U002, U004, U009\" papers=100 open_uncertainties=8", "rf_action": "REFINE", "rf_progressed": true, "rf_info_gain": 3.0, "rf_tools": "record_direction,record_gap,record_modification,update_uncertainty", "rf_outcome": "+2 gaps; +4 modifications; +1 directions; +1 resolved uncertainties; uncertainties updated: U002, U004, U009", "rf_papers": 100, "rf_open_uncertainties": 8}
{"ts": "2026-09-30T04:34:46.951522+00:00", "level": "info", "logger": "researchforge.research", "msg": "[RESEARCH] uncertainty_added uncertainty=U010 importance=high category=novelty raised_by=controller question=\"Has gap G001 already been addressed: No retrieval benchmark evaluates version selection over continuously amended legal \"", "rf_uncertainty": "U010", "rf_importance": "high", "rf_category": "novelty", "rf_raised_by": "controller", "rf_question": "Has gap G001 already been addressed: No retrieval benchmark evaluates version selection over continuously amended legal text at clause granularity: no resource pairs time-stamped queries with ground-truth in-force versions of overlapping, near-duplicate amended clauses and measures retrieval of supe"}
{"ts": "2026-09-30T04:34:46.951737+00:00", "level": "info", "logger": "researchforge.research", "msg": "[RESEARCH] uncertainty_added uncertainty=U011 importance=high category=novelty raised_by=controller question=\"Has gap G002 already been addressed: No controlled comparison varies both the base retriever and the form of the tempora\"", "rf_uncertainty": "U011", "rf_importance": "high", "rf_category": "novelty", "rf_raised_by": "controller", "rf_question": "Has gap G002 already been addressed: No controlled comparison varies both the base retriever and the form of the temporal signal: each published temporal-retrieval system hard-codes one temporal mechanism inside one pipeline (exponential decay inside a fixed three-signal hybrid; learnable decay insi"}
{"ts": "2026-09-30T04:34:46.951954+00:00", "level": "info", "logger": "researchforge.research", "msg": "[RESEARCH] uncertainty_added uncertainty=U012 importance=high category=contradiction raised_by=controller question=\"Is direction D001 already explored or contradicted: Narrow the contribution to what survives the overlap: (a) a retrieva\"", "rf_uncertainty": "U012", "rf_importance": "high", "rf_category": "contradiction", "rf_raised_by": "controller", "rf_question": "Is direction D001 already explored or contradicted: Narrow the contribution to what survives the overlap: (a) a retrieval-agnostic temporal relevance layer whose temporal signal is valid-time (as-of) membership rather than elapsed-time decay, (b) evaluated as a base-retriever x signal-form factorial"}
{"ts": "2026-09-30T04:34:46.967403+00:00", "level": "info", "logger": "researchforge.research", "msg": "[RESEARCH] decision phase=UNCERTAINTY action=REFINE focus=\"U006: Can the benchmark decouple recency from correctness (include queries whose in-force version is not the latest), so\" reason=\"Most valuable next step for high-importance evaluation question U006: score 1.08 = importance 3 x expected gain 0.75 x r\" iteration=7 open_uncertainties=11 candidates=\"REFINE:U006=1.08; REFINE:U007=1.08; REFINE:U008=0.945; REFINE:U005=0.85\"", "rf_phase": "UNCERTAINTY", "rf_action": "REFINE", "rf_focus": "U006: Can the benchmark decouple recency from correctness (include queries whose in-force version is not the latest), so that a pure recency prior cannot trivially match the proposed temporal term?", "rf_reason": "Most valuable next step for high-importance evaluation question U006: score 1.08 = importance 3 x expected gain 0.75 x relevance 0.8 x evidence deficiency 0.6 / cost 1. Next best: REFINE on U007 (1.08).", "rf_iteration": 7, "rf_open_uncertainties": 11, "rf_candidates": "REFINE:U006=1.08; REFINE:U007=1.08; REFINE:U008=0.945; REFINE:U005=0.85"}
{"ts": "2026-09-30T04:34:58.000354+00:00", "level": "info", "logger": "researchforge.research", "msg": "[RESEARCH] tool_invocation action=REFINE tool=get_records", "rf_action": "REFINE", "rf_tool": "get_records"}
{"ts": "2026-09-30T04:34:58.025120+00:00", "level": "info", "logger": "researchforge.research", "msg": "[RESEARCH] tool_invocation action=REFINE tool=get_research_state", "rf_action": "REFINE", "rf_tool": "get_research_state"}
{"ts": "2026-09-30T04:35:15.173552+00:00", "level": "info", "logger": "researchforge.research", "msg": "[RESEARCH] tool_invocation action=REFINE tool=update_uncertainty", "rf_action": "REFINE", "rf_tool": "update_uncertainty"}
{"ts": "2026-09-30T04:35:15.186756+00:00", "level": "info", "logger": "researchforge.research", "msg": "[RESEARCH] tool_invocation action=REFINE tool=record_uncertainty", "rf_action": "REFINE", "rf_tool": "record_uncertainty"}
{"ts": "2026-09-30T04:35:15.193418+00:00", "level": "info", "logger": "researchforge.research", "msg": "[RESEARCH] tool_invocation action=REFINE tool=record_modification", "rf_action": "REFINE", "rf_tool": "record_modification"}
{"ts": "2026-09-30T04:35:15.199864+00:00", "level": "info", "logger": "researchforge.research", "msg": "[RESEARCH] tool_invocation action=REFINE tool=record_direction", "rf_action": "REFINE", "rf_tool": "record_direction"}
{"ts": "2026-09-30T04:35:18.019377+00:00", "level": "info", "logger": "researchforge.research", "msg": "[RESEARCH] uncertainty_status uncertainty=U006 before=open after=resolved verdict=", "rf_uncertainty": "U006", "rf_before": "open", "rf_after": "resolved", "rf_verdict": ""}
{"ts": "2026-09-30T04:35:18.019427+00:00", "level": "info", "logger": "researchforge.research", "msg": "[RESEARCH] confidence_change uncertainty=U006 before=None after=0.7 basis=\"Direct evidence of an analogous construction (SituatedQA crowdsources alternative temporal contexts and their answers; p\"", "rf_uncertainty": "U006", "rf_before": null, "rf_after": 0.7, "rf_basis": "Direct evidence of an analogous construction (SituatedQA crowdsources alternative temporal contexts and their answers; point-in-time financial QA measures temporal evidence leakage, which presupposes past as-of dates) plus explicit validity-date metadata in legal identifiers. The caveat is that such"}
{"ts": "2026-09-30T04:35:18.019459+00:00", "level": "info", "logger": "researchforge.research", "msg": "[RESEARCH] uncertainty_added uncertainty=U013 importance=medium category=evaluation raised_by=UNCERTAINTY", "rf_uncertainty": "U013", "rf_importance": "medium", "rf_category": "evaluation", "rf_raised_by": "UNCERTAINTY"}
{"ts": "2026-09-30T04:35:18.019560+00:00", "level": "info", "logger": "researchforge.research", "msg": "[RESEARCH] direction_change direction=D002 change_type=REFINE_SCOPE previous=D001 confidence=medium rationale=\"Evidence from three independent sources shows recency can be decoupled from correctness and that this is the condition u\"", "rf_direction": "D002", "rf_change_type": "REFINE_SCOPE", "rf_previous": "D001", "rf_confidence": "medium", "rf_rationale": "Evidence from three independent sources shows recency can be decoupled from correctness and that this is the condition under which the claim becomes identifiable: SituatedQA annotates the same question with different gold answers across temporal contexts; point-in-time financial QA is built on as-of"}
{"ts": "2026-09-30T04:35:18.030381+00:00", "level": "info", "logger": "researchforge.research", "msg": "[RESEARCH] result action=REFINE progressed=True info_gain=3.0 tools=get_records,get_research_state,record_direction,record_modification,record_uncertainty,update_uncertainty outcome=\"+1 modifications; +1 directions; +1 uncertainties; +1 resolved uncertainties; uncertainties updated: U006\" papers=100 open_uncertainties=11", "rf_action": "REFINE", "rf_progressed": true, "rf_info_gain": 3.0, "rf_tools": "get_records,get_research_state,record_direction,record_modification,record_uncertainty,update_uncertainty", "rf_outcome": "+1 modifications; +1 directions; +1 uncertainties; +1 resolved uncertainties; uncertainties updated: U006", "rf_papers": 100, "rf_open_uncertainties": 11}
{"ts": "2026-09-30T04:35:18.032742+00:00", "level": "info", "logger": "researchforge.research", "msg": "[RESEARCH] uncertainty_added uncertainty=U014 importance=high category=contradiction raised_by=controller question=\"Is direction D002 already explored or contradicted: Keep the refined scope of D001 and make the recency-decoupling expli\"", "rf_uncertainty": "U014", "rf_importance": "high", "rf_category": "contradiction", "rf_raised_by": "controller", "rf_question": "Is direction D002 already explored or contradicted: Keep the refined scope of D001 and make the recency-decoupling explicit in the evaluation: the temporal layer is valid-time (as-of) gating applied post hoc across BM25, dense and hybrid retrievers; the benchmark is built by walking amendment chains"}
{"ts": "2026-09-30T04:35:18.052651+00:00", "level": "info", "logger": "researchforge.research", "msg": "[RESEARCH] decision phase=UNCERTAINTY action=REFINE focus=\"U007: Is answer accuracy sensitive enough to detect version confusion in amended statutes, or is a dedicated temporal-co\" reason=\"Most valuable next step for high-importance evaluation question U007: score 1.2 = importance 3 x expected gain 0.833 x r\" iteration=8 open_uncertainties=12 candidates=\"REFINE:U007=1.2; REFINE:U008=1.05; REFINE:U005=0.945; PLAN_EXPERIMENT:U007=0.576\"", "rf_phase": "UNCERTAINTY", "rf_action": "REFINE", "rf_focus": "U007: Is answer accuracy sensitive enough to detect version confusion in amended statutes, or is a dedicated temporal-contamination metric required to validate the mechanism?", "rf_reason": "Most valuable next step for high-importance evaluation question U007: score 1.2 = importance 3 x expected gain 0.833 x relevance 0.8 x evidence deficiency 0.6 / cost 1. Next best: REFINE on U008 (1.05).", "rf_iteration": 8, "rf_open_uncertainties": 12, "rf_candidates": "REFINE:U007=1.2; REFINE:U008=1.05; REFINE:U005=0.945; PLAN_EXPERIMENT:U007=0.576"}
{"ts": "2026-09-30T04:35:37.662494+00:00", "level": "info", "logger": "researchforge.research", "msg": "[RESEARCH] tool_invocation action=REFINE tool=update_uncertainty", "rf_action": "REFINE", "rf_tool": "update_uncertainty"}
{"ts": "2026-09-30T04:35:37.708353+00:00", "level": "info", "logger": "researchforge.research", "msg": "[RESEARCH] tool_invocation action=REFINE tool=record_modification", "rf_action": "REFINE", "rf_tool": "record_modification"}
{"ts": "2026-09-30T04:35:37.715695+00:00", "level": "info", "logger": "researchforge.research", "msg": "[RESEARCH] tool_invocation action=REFINE tool=record_direction", "rf_action": "REFINE", "rf_tool": "record_direction"}
{"ts": "2026-09-30T04:35:37.739273+00:00", "level": "info", "logger": "researchforge.research", "msg": "[RESEARCH] tool_invocation action=REFINE tool=record_uncertainty", "rf_action": "REFINE", "rf_tool": "record_uncertainty"}
{"ts": "2026-09-30T04:35:44.305395+00:00", "level": "info", "logger": "researchforge.research", "msg": "[RESEARCH] tool_invocation action=REFINE tool=record_modification", "rf_action": "REFINE", "rf_tool": "record_modification"}
{"ts": "2026-09-30T04:35:47.857816+00:00", "level": "info", "logger": "researchforge.research", "msg": "[RESEARCH] tool_invocation action=REFINE tool=get_records", "rf_action": "REFINE", "rf_tool": "get_records"}
{"ts": "2026-09-30T04:35:54.458780+00:00", "level": "info", "logger": "researchforge.research", "msg": "[RESEARCH] tool_invocation action=REFINE tool=record_modification", "rf_action": "REFINE", "rf_tool": "record_modification"}
{"ts": "2026-09-30T04:35:57.264790+00:00", "level": "info", "logger": "researchforge.research", "msg": "[RESEARCH] uncertainty_status uncertainty=U007 before=open after=resolved verdict=", "rf_uncertainty": "U007", "rf_before": "open", "rf_after": "resolved", "rf_verdict": ""}
{"ts": "2026-09-30T04:35:57.264969+00:00", "level": "info", "logger": "researchforge.research", "msg": "[RESEARCH] confidence_change uncertainty=U007 before=None after=0.7 basis=\"Direct evidence that a temporal-correctness metric is reported separately from answer quality in point-in-time work, plu\"", "rf_uncertainty": "U007", "rf_before": null, "rf_after": 0.7, "rf_basis": "Direct evidence that a temporal-correctness metric is reported separately from answer quality in point-in-time work, plus the structural argument that wording reuse can make answers invariant to version. Tempered because accuracy is demonstrably sensitive when the gold answers genuinely differ acros"}
{"ts": "2026-09-30T04:35:57.265007+00:00", "level": "info", "logger": "researchforge.research", "msg": "[RESEARCH] uncertainty_added uncertainty=U015 importance=high category=validity raised_by=UNCERTAINTY", "rf_uncertainty": "U015", "rf_importance": "high", "rf_category": "validity", "rf_raised_by": "UNCERTAINTY"}
{"ts": "2026-09-30T04:35:57.265127+00:00", "level": "info", "logger": "researchforge.research", "msg": "[RESEARCH] direction_change direction=D003 change_type=REFINE_SCOPE previous=D002 confidence=medium rationale=\"Point-in-time financial QA reports answer accuracy and temporal evidence leakage separately and adds a temporal-validity\"", "rf_direction": "D003", "rf_change_type": "REFINE_SCOPE", "rf_previous": "D002", "rf_confidence": "medium", "rf_rationale": "Point-in-time financial QA reports answer accuracy and temporal evidence leakage separately and adds a temporal-validity verifier, indicating accuracy alone does not capture temporal correctness; the regulatory retrieval benchmark reports only answer-quality metrics because it has no temporal dimens"}
{"ts": "2026-09-30T04:35:57.275471+00:00", "level": "info", "logger": "researchforge.research", "msg": "[RESEARCH] result action=REFINE progressed=True info_gain=3.0 tools=get_records,record_direction,record_modification,record_uncertainty,update_uncertainty outcome=\"+1 directions; +1 uncertainties; +1 resolved uncertainties; uncertainties updated: U007\" papers=100 open_uncertainties=12", "rf_action": "REFINE", "rf_progressed": true, "rf_info_gain": 3.0, "rf_tools": "get_records,record_direction,record_modification,record_uncertainty,update_uncertainty", "rf_outcome": "+1 directions; +1 uncertainties; +1 resolved uncertainties; uncertainties updated: U007", "rf_papers": 100, "rf_open_uncertainties": 12}
{"ts": "2026-09-30T04:35:57.277125+00:00", "level": "info", "logger": "researchforge.research", "msg": "[RESEARCH] uncertainty_added uncertainty=U016 importance=high category=contradiction raised_by=controller question=\"Is direction D003 already explored or contradicted: Keep the valid-time, retrieval-agnostic framing of D001/D002 and add\"", "rf_uncertainty": "U016", "rf_importance": "high", "rf_category": "contradiction", "rf_raised_by": "controller", "rf_question": "Is direction D003 already explored or contradicted: Keep the valid-time, retrieval-agnostic framing of D001/D002 and additionally fix the outcome hierarchy: version-level contamination and version confusion are primary; answer accuracy is a co-primary only on queries that pass an answer-differential"}
{"ts": "2026-09-30T04:35:57.293214+00:00", "level": "info", "logger": "researchforge.research", "msg": "[RESEARCH] decision phase=UNCERTAINTY action=REFINE focus=\"U008: Does published work contradict the current assessment: Three distinctions are claimed: (i) the temporal term is at\" reason=\"Most valuable next step for high-importance contradiction question U008: score 1.103 = importance 3 x expected gain 0.87\" iteration=9 open_uncertainties=13 candidates=\"REFINE:U008=1.103; REFINE:U005=0.992; PLAN_EXPERIMENT:U015=0.648; COMPARE:U001=0.504\"", "rf_phase": "UNCERTAINTY", "rf_action": "REFINE", "rf_focus": "U008: Does published work contradict the current assessment: Three distinctions are claimed: (i) the temporal term is attached post hoc to an arbitrary base retriever, whereas the closest systems hard-code temporal handling in a fixed pipeline; (ii) it targets continuously amended statutes/regulatio", "rf_reason": "Most valuable next step for high-importance contradiction question U008: score 1.103 = importance 3 x expected gain 0.875 x relevance 1 x evidence deficiency 0.42 / cost 1. Next best: REFINE on U005 (0.992).", "rf_iteration": 9, "rf_open_uncertainties": 13, "rf_candidates": "REFINE:U008=1.103; REFINE:U005=0.992; PLAN_EXPERIMENT:U015=0.648; COMPARE:U001=0.504"}
{"ts": "2026-09-30T04:36:09.498403+00:00", "level": "info", "logger": "researchforge.research", "msg": "[RESEARCH] tool_invocation action=REFINE tool=search_paper_text", "rf_action": "REFINE", "rf_tool": "search_paper_text"}
{"ts": "2026-09-30T04:36:09.518180+00:00", "level": "info", "logger": "researchforge.research", "msg": "[RESEARCH] tool_invocation action=REFINE tool=search_paper_text", "rf_action": "REFINE", "rf_tool": "search_paper_text"}
{"ts": "2026-09-30T04:36:09.525135+00:00", "level": "info", "logger": "researchforge.research", "msg": "[RESEARCH] tool_invocation action=REFINE tool=search_paper_text", "rf_action": "REFINE", "rf_tool": "search_paper_text"}
{"ts": "2026-09-30T04:36:24.013867+00:00", "level": "info", "logger": "researchforge.research", "msg": "[RESEARCH] tool_invocation action=REFINE tool=record_claim", "rf_action": "REFINE", "rf_tool": "record_claim"}
{"ts": "2026-09-30T04:36:24.116551+00:00", "level": "info", "logger": "researchforge.research", "msg": "[RESEARCH] tool_invocation action=REFINE tool=record_claim", "rf_action": "REFINE", "rf_tool": "record_claim"}
{"ts": "2026-09-30T04:36:24.165774+00:00", "level": "info", "logger": "researchforge.research", "msg": "[RESEARCH] tool_invocation action=REFINE tool=update_uncertainty", "rf_action": "REFINE", "rf_tool": "update_uncertainty"}
{"ts": "2026-09-30T04:36:24.177981+00:00", "level": "info", "logger": "researchforge.research", "msg": "[RESEARCH] tool_invocation action=REFINE tool=record_direction", "rf_action": "REFINE", "rf_tool": "record_direction"}
{"ts": "2026-09-30T04:36:24.185728+00:00", "level": "info", "logger": "researchforge.research", "msg": "[RESEARCH] tool_invocation action=REFINE tool=record_uncertainty", "rf_action": "REFINE", "rf_tool": "record_uncertainty"}
{"ts": "2026-09-30T04:36:27.137697+00:00", "level": "info", "logger": "researchforge.research", "msg": "[RESEARCH] uncertainty_status uncertainty=U008 before=partially_resolved after=resolved verdict=holds", "rf_uncertainty": "U008", "rf_before": "partially_resolved", "rf_after": "resolved", "rf_verdict": "holds"}
{"ts": "2026-09-30T04:36:27.137739+00:00", "level": "info", "logger": "researchforge.research", "msg": "[RESEARCH] confidence_change uncertainty=U008 before=None after=0.75 basis=\"Direct full-text evidence from a legal-retrieval review that names clause-granularity versioning as an unaddressed failu\"", "rf_uncertainty": "U008", "rf_before": null, "rf_after": 0.75, "rf_basis": "Direct full-text evidence from a legal-retrieval review that names clause-granularity versioning as an unaddressed failure mode, states that diachronic failure is least integrated into mainstream practice, and asserts that solutions are stronger at representation than at retrieval-time enforcement; "}
{"ts": "2026-09-30T04:36:27.137760+00:00", "level": "info", "logger": "researchforge.research", "msg": "[RESEARCH] uncertainty_added uncertainty=U017 importance=medium category=novelty raised_by=UNCERTAINTY", "rf_uncertainty": "U017", "rf_importance": "medium", "rf_category": "novelty", "rf_raised_by": "UNCERTAINTY"}
{"ts": "2026-09-30T04:36:27.137881+00:00", "level": "info", "logger": "researchforge.research", "msg": "[RESEARCH] direction_change direction=D004 change_type=REFINE_SCOPE previous=D003 confidence=medium rationale=\"The legal-retrieval review states that diachronic failure is the least well integrated into mainstream practice, that so\"", "rf_direction": "D004", "rf_change_type": "REFINE_SCOPE", "rf_previous": "D003", "rf_confidence": "medium", "rf_rationale": "The legal-retrieval review states that diachronic failure is the least well integrated into mainstream practice, that solutions are stronger at representation than at retrieval-time enforcement, and that document-granularity versioning obscures structural-unit differentials. This confirms the gap is"}
{"ts": "2026-09-30T04:36:27.148246+00:00", "level": "info", "logger": "researchforge.research", "msg": "[RESEARCH] result action=REFINE progressed=True info_gain=5.0 tools=record_claim,record_direction,record_uncertainty,search_paper_text,update_uncertainty outcome=\"+2 claims; +2 verified claims; +1 directions; +1 uncertainties; +1 resolved uncertainties; uncertainties updated: U008\" papers=100 open_uncertainties=13", "rf_action": "REFINE", "rf_progressed": true, "rf_info_gain": 5.0, "rf_tools": "record_claim,record_direction,record_uncertainty,search_paper_text,update_uncertainty", "rf_outcome": "+2 claims; +2 verified claims; +1 directions; +1 uncertainties; +1 resolved uncertainties; uncertainties updated: U008", "rf_papers": 100, "rf_open_uncertainties": 13}
{"ts": "2026-09-30T04:36:27.149998+00:00", "level": "info", "logger": "researchforge.research", "msg": "[RESEARCH] uncertainty_added uncertainty=U018 importance=high category=contradiction raised_by=controller question=\"Is direction D004 already explored or contradicted: Keep the D003 evaluation design and reframe the contribution as impl\"", "rf_uncertainty": "U018", "rf_importance": "high", "rf_category": "contradiction", "rf_raised_by": "controller", "rf_question": "Is direction D004 already explored or contradicted: Keep the D003 evaluation design and reframe the contribution as implementation-and-measurement rather than problem identification: enforce valid-time membership at retrieval time (post hoc, across BM25/dense/hybrid), and measure clause-level point-"}
{"ts": "2026-09-30T04:36:27.166147+00:00", "level": "info", "logger": "researchforge.research", "msg": "[RESEARCH] decision phase=UNCERTAINTY action=REFINE focus=\"U005: Is 'retrieval-agnostic' a substantive contribution, or does the temporal relevance term reduce to an already-publi\" reason=\"Most valuable next step for high-importance direction question U005: score 1.021 = importance 3 x expected gain 0.9 x re\" iteration=10 open_uncertainties=14 candidates=\"REFINE:U005=1.021; PLAN_EXPERIMENT:U015=0.648; REFINE:U009=0.51; COMPARE:U001=0.504\"", "rf_phase": "UNCERTAINTY", "rf_action": "REFINE", "rf_focus": "U005: Is 'retrieval-agnostic' a substantive contribution, or does the temporal relevance term reduce to an already-published fixed hybrid, making the plug-in framing a repackaging with little added value?", "rf_reason": "Most valuable next step for high-importance direction question U005: score 1.021 = importance 3 x expected gain 0.9 x relevance 0.9 x evidence deficiency 0.42 / cost 1. Next best: PLAN_EXPERIMENT on U015 (0.648).", "rf_iteration": 10, "rf_open_uncertainties": 14, "rf_candidates": "REFINE:U005=1.021; PLAN_EXPERIMENT:U015=0.648; REFINE:U009=0.51; COMPARE:U001=0.504"}
{"ts": "2026-09-30T04:36:35.276482+00:00", "level": "info", "logger": "researchforge.research", "msg": "[RESEARCH] tool_invocation action=REFINE tool=search_paper_text", "rf_action": "REFINE", "rf_tool": "search_paper_text"}
{"ts": "2026-09-30T04:36:35.301616+00:00", "level": "info", "logger": "researchforge.research", "msg": "[RESEARCH] tool_invocation action=REFINE tool=search_paper_text", "rf_action": "REFINE", "rf_tool": "search_paper_text"}
{"ts": "2026-09-30T04:37:05.646191+00:00", "level": "info", "logger": "researchforge.research", "msg": "[RESEARCH] tool_invocation action=REFINE tool=record_claim", "rf_action": "REFINE", "rf_tool": "record_claim"}
{"ts": "2026-09-30T04:37:05.677368+00:00", "level": "info", "logger": "researchforge.research", "msg": "[RESEARCH] tool_invocation action=REFINE tool=update_uncertainty", "rf_action": "REFINE", "rf_tool": "update_uncertainty"}
{"ts": "2026-09-30T04:37:05.693316+00:00", "level": "info", "logger": "researchforge.research", "msg": "[RESEARCH] tool_invocation action=REFINE tool=record_modification", "rf_action": "REFINE", "rf_tool": "record_modification"}
{"ts": "2026-09-30T04:37:05.700580+00:00", "level": "info", "logger": "researchforge.research", "msg": "[RESEARCH] tool_invocation action=REFINE tool=record_direction", "rf_action": "REFINE", "rf_tool": "record_direction"}
{"ts": "2026-09-30T04:37:05.707238+00:00", "level": "info", "logger": "researchforge.research", "msg": "[RESEARCH] tool_invocation action=REFINE tool=record_uncertainty", "rf_action": "REFINE", "rf_tool": "record_uncertainty"}
{"ts": "2026-09-30T04:37:09.871990+00:00", "level": "info", "logger": "researchforge.research", "msg": "[RESEARCH] tool_invocation action=REFINE tool=record_modification", "rf_action": "REFINE", "rf_tool": "record_modification"}
{"ts": "2026-09-30T04:37:12.428691+00:00", "level": "info", "logger": "researchforge.research", "msg": "[RESEARCH] confidence_change uncertainty=U005 before=None after=0.65 basis=\"Evidence that the closest temporal frameworks embed time inside a fixed pipeline and that prior temporal QA adapts the r\"", "rf_uncertainty": "U005", "rf_before": null, "rf_after": 0.65, "rf_basis": "Evidence that the closest temporal frameworks embed time inside a fixed pipeline and that prior temporal QA adapts the retriever itself per context type, plus the absence (within the searched set) of any study that varies the base retriever while holding the temporal mechanism fixed. The substantive"}
{"ts": "2026-09-30T04:37:12.428860+00:00", "level": "info", "logger": "researchforge.research", "msg": "[RESEARCH] uncertainty_added uncertainty=U019 importance=medium category=feasibility raised_by=UNCERTAINTY", "rf_uncertainty": "U019", "rf_importance": "medium", "rf_category": "feasibility", "rf_raised_by": "UNCERTAINTY"}
{"ts": "2026-09-30T04:37:12.429029+00:00", "level": "info", "logger": "researchforge.research", "msg": "[RESEARCH] direction_change direction=D005 change_type=REFINE_SCOPE previous=D004 confidence=medium rationale=\"The closest temporal systems hard-code time into one pipeline and prior temporal QA fine-tunes separate retriever and re\"", "rf_direction": "D005", "rf_change_type": "REFINE_SCOPE", "rf_previous": "D004", "rf_confidence": "medium", "rf_rationale": "The closest temporal systems hard-code time into one pipeline and prior temporal QA fine-tunes separate retriever and reader models per temporal context, so both the 'agnostic' framing and the post-hoc mechanism are untested against alternatives. The legal-retrieval review's remark that solutions ar"}
{"ts": "2026-09-30T04:37:12.439771+00:00", "level": "info", "logger": "researchforge.research", "msg": "[RESEARCH] result action=REFINE progressed=True info_gain=2.0 tools=record_claim,record_direction,record_modification,record_uncertainty,search_paper_text,update_uncertainty outcome=\"+1 claims; +1 verified claims; +1 directions; +1 uncertainties\" papers=100 open_uncertainties=15", "rf_action": "REFINE", "rf_progressed": true, "rf_info_gain": 2.0, "rf_tools": "record_claim,record_direction,record_modification,record_uncertainty,search_paper_text,update_uncertainty", "rf_outcome": "+1 claims; +1 verified claims; +1 directions; +1 uncertainties", "rf_papers": 100, "rf_open_uncertainties": 15}
{"ts": "2026-09-30T04:37:12.441737+00:00", "level": "info", "logger": "researchforge.research", "msg": "[RESEARCH] uncertainty_added uncertainty=U020 importance=high category=contradiction raised_by=controller question=\"Is direction D005 already explored or contradicted: Keep the D004 scope (retrieval-time valid-time enforcement over a cl\"", "rf_uncertainty": "U020", "rf_importance": "high", "rf_category": "contradiction", "rf_raised_by": "controller", "rf_question": "Is direction D005 already explored or contradicted: Keep the D004 scope (retrieval-time valid-time enforcement over a clause-level, recency-decoupled benchmark) and make the retrieval-agnostic claim conditional and testable: the primary analysis is the retriever x signal interaction with per-retriev"}
{"ts": "2026-09-30T04:37:12.458818+00:00", "level": "info", "logger": "researchforge.research", "msg": "[RESEARCH] decision phase=UNCERTAINTY action=PLAN_EXPERIMENT focus=\"U015: How often does retrieving a superseded or not-yet-in-force version of an amended clause actually change the answer\" reason=\"Most valuable next step for high-importance validity question U015: score 0.648 = importance 3 x expected gain 0.4 x rel\" iteration=11 open_uncertainties=16 candidates=\"PLAN_EXPERIMENT:U015=0.648; COMPARE:U001=0.504; COMPARE:U004=0.504; REFINE:U005=0.489\"", "rf_phase": "UNCERTAINTY", "rf_action": "PLAN_EXPERIMENT", "rf_focus": "U015: How often does retrieving a superseded or not-yet-in-force version of an amended clause actually change the answer a QA system produces, i.e. what fraction of queries pass an answer-differential screen?", "rf_reason": "Most valuable next step for high-importance validity question U015: score 0.648 = importance 3 x expected gain 0.4 x relevance 0.9 x evidence deficiency 0.6 / cost 1. Next best: COMPARE on U001 (0.504).", "rf_iteration": 11, "rf_open_uncertainties": 16, "rf_candidates": "PLAN_EXPERIMENT:U015=0.648; COMPARE:U001=0.504; COMPARE:U004=0.504; REFINE:U005=0.489"}
{"ts": "2026-09-30T04:37:19.950771+00:00", "level": "info", "logger": "researchforge.research", "msg": "[RESEARCH] tool_invocation action=PLAN_EXPERIMENT tool=search_github", "rf_action": "PLAN_EXPERIMENT", "rf_tool": "search_github"}
{"ts": "2026-09-30T04:37:20.549506+00:00", "level": "info", "logger": "researchforge.research", "msg": "[RESEARCH] tool_invocation action=PLAN_EXPERIMENT tool=search_github", "rf_action": "PLAN_EXPERIMENT", "rf_tool": "search_github"}
{"ts": "2026-09-30T04:37:36.562991+00:00", "level": "info", "logger": "researchforge.research", "msg": "[RESEARCH] tool_invocation action=PLAN_EXPERIMENT tool=record_experiment_plan", "rf_action": "PLAN_EXPERIMENT", "rf_tool": "record_experiment_plan"}
{"ts": "2026-09-30T04:37:36.580619+00:00", "level": "info", "logger": "researchforge.research", "msg": "[RESEARCH] tool_invocation action=PLAN_EXPERIMENT tool=update_uncertainty", "rf_action": "PLAN_EXPERIMENT", "rf_tool": "update_uncertainty"}
{"ts": "2026-09-30T04:37:39.162793+00:00", "level": "info", "logger": "researchforge.research", "msg": "[RESEARCH] uncertainty_status uncertainty=U015 before=open after=partially_resolved verdict=", "rf_uncertainty": "U015", "rf_before": "open", "rf_after": "partially_resolved", "rf_verdict": ""}
{"ts": "2026-09-30T04:37:39.162840+00:00", "level": "info", "logger": "researchforge.research", "msg": "[RESEARCH] confidence_change uncertainty=U015 before=None after=0.6 basis=\"No retrieved work quantifies answer sensitivity to clause version, and the quantity is a property of the corpus, so it c\"", "rf_uncertainty": "U015", "rf_before": null, "rf_after": 0.6, "rf_basis": "No retrieved work quantifies answer sensitivity to clause version, and the quantity is a property of the corpus, so it cannot be settled by further reading of the existing set; the experimental design now measures it directly as the screen pass rate."}
{"ts": "2026-09-30T04:37:39.173763+00:00", "level": "info", "logger": "researchforge.research", "msg": "[RESEARCH] result action=PLAN_EXPERIMENT progressed=True info_gain=1.0 tools=record_experiment_plan,search_github,update_uncertainty outcome=\"+1 experiment plans; uncertainties updated: U015\" papers=100 open_uncertainties=16", "rf_action": "PLAN_EXPERIMENT", "rf_progressed": true, "rf_info_gain": 1.0, "rf_tools": "record_experiment_plan,search_github,update_uncertainty", "rf_outcome": "+1 experiment plans; uncertainties updated: U015", "rf_papers": 100, "rf_open_uncertainties": 16}
{"ts": "2026-09-30T04:37:39.192281+00:00", "level": "info", "logger": "researchforge.research", "msg": "[RESEARCH] decision phase=UNCERTAINTY action=COMPARE focus=\"U001: Is the proposed retrieval-agnostic semantic+temporal relevance framework already covered by existing work (e.g., a\" reason=\"Most valuable next step for high-importance overlap question U001: score 0.504 = importance 3 x expected gain 0.6 x rele\" iteration=12 open_uncertainties=16 candidates=\"COMPARE:U001=0.504; COMPARE:U004=0.504; REFINE:U005=0.489; REFINE:U009=0.489\"", "rf_phase": "UNCERTAINTY", "rf_action": "COMPARE", "rf_focus": "U001: Is the proposed retrieval-agnostic semantic+temporal relevance framework already covered by existing work (e.g., a hybrid lexical+dense+exponential-temporal-decay framework with a temporal benchmark, or an as-of temporal RAG), leaving little novelty?", "rf_reason": "Most valuable next step for high-importance overlap question U001: score 0.504 = importance 3 x expected gain 0.6 x relevance 1 x evidence deficiency 0.42 / cost 1.5. Next best: COMPARE on U004 (0.504).", "rf_iteration": 12, "rf_open_uncertainties": 16, "rf_candidates": "COMPARE:U001=0.504; COMPARE:U004=0.504; REFINE:U005=0.489; REFINE:U009=0.489"}
{"ts": "2026-09-30T04:37:47.546109+00:00", "level": "info", "logger": "researchforge.research", "msg": "[RESEARCH] tool_invocation action=COMPARE tool=search_paper_text", "rf_action": "COMPARE", "rf_tool": "search_paper_text"}
{"ts": "2026-09-30T04:37:47.569942+00:00", "level": "info", "logger": "researchforge.research", "msg": "[RESEARCH] tool_invocation action=COMPARE tool=search_paper_text", "rf_action": "COMPARE", "rf_tool": "search_paper_text"}
{"ts": "2026-09-30T04:38:02.929864+00:00", "level": "info", "logger": "researchforge.research", "msg": "[RESEARCH] tool_invocation action=COMPARE tool=record_claim", "rf_action": "COMPARE", "rf_tool": "record_claim"}
{"ts": "2026-09-30T04:38:02.950020+00:00", "level": "info", "logger": "researchforge.research", "msg": "[RESEARCH] tool_invocation action=COMPARE tool=record_claim", "rf_action": "COMPARE", "rf_tool": "record_claim"}
{"ts": "2026-09-30T04:38:02.986878+00:00", "level": "info", "logger": "researchforge.research", "msg": "[RESEARCH] tool_invocation action=COMPARE tool=record_claim", "rf_action": "COMPARE", "rf_tool": "record_claim"}
{"ts": "2026-09-30T04:38:02.994663+00:00", "level": "info", "logger": "researchforge.research", "msg": "[RESEARCH] tool_invocation action=COMPARE tool=update_uncertainty", "rf_action": "COMPARE", "rf_tool": "update_uncertainty"}
{"ts": "2026-09-30T04:38:03.002435+00:00", "level": "info", "logger": "researchforge.research", "msg": "[RESEARCH] tool_invocation action=COMPARE tool=record_direction", "rf_action": "COMPARE", "rf_tool": "record_direction"}
{"ts": "2026-09-30T04:38:03.009762+00:00", "level": "info", "logger": "researchforge.research", "msg": "[RESEARCH] tool_invocation action=COMPARE tool=record_uncertainty", "rf_action": "COMPARE", "rf_tool": "record_uncertainty"}
{"ts": "2026-09-30T04:38:04.998908+00:00", "level": "info", "logger": "researchforge.research", "msg": "[RESEARCH] uncertainty_status uncertainty=U001 before=partially_resolved after=resolved verdict=", "rf_uncertainty": "U001", "rf_before": "partially_resolved", "rf_after": "resolved", "rf_verdict": ""}
{"ts": "2026-09-30T04:38:04.998957+00:00", "level": "info", "logger": "researchforge.research", "msg": "[RESEARCH] confidence_change uncertainty=U001 before=None after=0.75 basis=\"Concrete mechanism-level comparisons across the three closest systems plus a legal benchmark, each supported by verified\"", "rf_uncertainty": "U001", "rf_before": null, "rf_after": 0.75, "rf_basis": "Concrete mechanism-level comparisons across the three closest systems plus a legal benchmark, each supported by verified quotes, and the earlier finding that the closest legal framework reports no empirical comparison. Residual uncertainty is only about whether very recent unpublished work repeats t"}
{"ts": "2026-09-30T04:38:04.998987+00:00", "level": "info", "logger": "researchforge.research", "msg": "[RESEARCH] uncertainty_added uncertainty=U021 importance=high category=contradiction raised_by=UNCERTAINTY", "rf_uncertainty": "U021", "rf_importance": "high", "rf_category": "contradiction", "rf_raised_by": "UNCERTAINTY"}
{"ts": "2026-09-30T04:38:04.999145+00:00", "level": "info", "logger": "researchforge.research", "msg": "[RESEARCH] direction_change direction=D006 change_type=REFINE_SCOPE previous=D005 confidence=medium rationale=\"The comparison shows every ingredient of the original framework is already published: a three-signal lexical+dense+expon\"", "rf_direction": "D006", "rf_change_type": "REFINE_SCOPE", "rf_previous": "D005", "rf_confidence": "medium", "rf_rationale": "The comparison shows every ingredient of the original framework is already published: a three-signal lexical+dense+exponential-decay hybrid evaluated for temporal accuracy, learnable decay with explicit temporal-validity evaluation, hard as-of gating with a leakage metric, and a legal benchmark enco"}
{"ts": "2026-09-30T04:38:05.009558+00:00", "level": "info", "logger": "researchforge.research", "msg": "[RESEARCH] result action=COMPARE progressed=True info_gain=6.0 tools=record_claim,record_direction,record_uncertainty,search_paper_text,update_uncertainty outcome=\"+3 claims; +3 verified claims; +1 directions; +1 uncertainties; +1 resolved uncertainties; uncertainties updated: U001\" papers=100 open_uncertainties=16", "rf_action": "COMPARE", "rf_progressed": true, "rf_info_gain": 6.0, "rf_tools": "record_claim,record_direction,record_uncertainty,search_paper_text,update_uncertainty", "rf_outcome": "+3 claims; +3 verified claims; +1 directions; +1 uncertainties; +1 resolved uncertainties; uncertainties updated: U001", "rf_papers": 100, "rf_open_uncertainties": 16}
{"ts": "2026-09-30T04:38:05.011592+00:00", "level": "info", "logger": "researchforge.research", "msg": "[RESEARCH] uncertainty_added uncertainty=U022 importance=high category=contradiction raised_by=controller question=\"Is direction D006 already explored or contradicted: Drop all novelty claims for the framework, the temporal relevance te\"", "rf_uncertainty": "U022", "rf_importance": "high", "rf_category": "contradiction", "rf_raised_by": "controller", "rf_question": "Is direction D006 already explored or contradicted: Drop all novelty claims for the framework, the temporal relevance term and the plug-in architecture; present them as adopted components. Frame the study as a comparative measurement on clause-versioned amended regulatory text whose central question"}
{"ts": "2026-09-30T04:38:05.028111+00:00", "level": "info", "logger": "researchforge.research", "msg": "[RESEARCH] decision phase=UNCERTAINTY action=COMPARE focus=\"U004: Does any existing work construct a benchmark of amended statutes or regulations with near-duplicate successive rev\" reason=\"Most valuable next step for high-importance novelty question U004: score 0.672 = importance 3 x expected gain 0.8 x rele\" iteration=13 open_uncertainties=17 candidates=\"COMPARE:U004=0.672; PLAN_EXPERIMENT:U021=0.661; COMPARE:U005=0.605; COMPARE:U009=0.605\"", "rf_phase": "UNCERTAINTY", "rf_action": "COMPARE", "rf_focus": "U004: Does any existing work construct a benchmark of amended statutes or regulations with near-duplicate successive revisions and time-stamped queries, which would pre-empt the proposed benchmark contribution?", "rf_reason": "Most valuable next step for high-importance novelty question U004: score 0.672 = importance 3 x expected gain 0.8 x relevance 1 x evidence deficiency 0.42 / cost 1.5. Next best: PLAN_EXPERIMENT on U021 (0.661).", "rf_iteration": 13, "rf_open_uncertainties": 17, "rf_candidates": "COMPARE:U004=0.672; PLAN_EXPERIMENT:U021=0.661; COMPARE:U005=0.605; COMPARE:U009=0.605"}
{"ts": "2026-09-30T04:38:10.678107+00:00", "level": "info", "logger": "researchforge.research", "msg": "[RESEARCH] tool_invocation action=COMPARE tool=search_paper_text", "rf_action": "COMPARE", "rf_tool": "search_paper_text"}
{"ts": "2026-09-30T04:38:10.699221+00:00", "level": "info", "logger": "researchforge.research", "msg": "[RESEARCH] tool_invocation action=COMPARE tool=get_paper", "rf_action": "COMPARE", "rf_tool": "get_paper"}
{"ts": "2026-09-30T04:38:10.708795+00:00", "level": "info", "logger": "researchforge.research", "msg": "[RESEARCH] tool_invocation action=COMPARE tool=get_paper", "rf_action": "COMPARE", "rf_tool": "get_paper"}
{"ts": "2026-09-30T04:38:24.527949+00:00", "level": "info", "logger": "researchforge.research", "msg": "[RESEARCH] tool_invocation action=COMPARE tool=record_claim", "rf_action": "COMPARE", "rf_tool": "record_claim"}
{"ts": "2026-09-30T04:38:24.578869+00:00", "level": "info", "logger": "researchforge.research", "msg": "[RESEARCH] tool_invocation action=COMPARE tool=record_claim", "rf_action": "COMPARE", "rf_tool": "record_claim"}
{"ts": "2026-09-30T04:38:24.602465+00:00", "level": "info", "logger": "researchforge.research", "msg": "[RESEARCH] tool_invocation action=COMPARE tool=update_uncertainty", "rf_action": "COMPARE", "rf_tool": "update_uncertainty"}
{"ts": "2026-09-30T04:38:24.607512+00:00", "level": "info", "logger": "researchforge.research", "msg": "[RESEARCH] tool_invocation action=COMPARE tool=record_direction", "rf_action": "COMPARE", "rf_tool": "record_direction"}
{"ts": "2026-09-30T04:38:24.614178+00:00", "level": "info", "logger": "researchforge.research", "msg": "[RESEARCH] tool_invocation action=COMPARE tool=record_uncertainty", "rf_action": "COMPARE", "rf_tool": "record_uncertainty"}
{"ts": "2026-09-30T04:38:28.685104+00:00", "level": "info", "logger": "researchforge.research", "msg": "[RESEARCH] tool_invocation action=COMPARE tool=record_claim", "rf_action": "COMPARE", "rf_tool": "record_claim"}
{"ts": "2026-09-30T04:38:34.433526+00:00", "level": "info", "logger": "researchforge.research", "msg": "[RESEARCH] confidence_change uncertainty=U004 before=None after=0.6 basis=\"Comparative evidence across five adjacent benchmarks plus a survey statement about the absence of temporally dynamic leg\"", "rf_uncertainty": "U004", "rf_before": null, "rf_after": 0.6, "rf_basis": "Comparative evidence across five adjacent benchmarks plus a survey statement about the absence of temporally dynamic legal QA data; the verdict is limited to the searched set because the paper budget was exhausted and some sources returned rate-limit errors, so very recent or unindexed work cannot b"}
{"ts": "2026-09-30T04:38:34.433572+00:00", "level": "info", "logger": "researchforge.research", "msg": "[RESEARCH] uncertainty_added uncertainty=U023 importance=medium category=overlap raised_by=UNCERTAINTY", "rf_uncertainty": "U023", "rf_importance": "medium", "rf_category": "overlap", "rf_raised_by": "UNCERTAINTY"}
{"ts": "2026-09-30T04:38:34.433749+00:00", "level": "info", "logger": "researchforge.research", "msg": "[RESEARCH] direction_change direction=D007 change_type=REFINE_SCOPE previous=D006 confidence=medium rationale=\"The comparison shows the benchmark space is crowded at the level of 'temporal legal or regulatory QA' but empty at the l\"", "rf_direction": "D007", "rf_change_type": "REFINE_SCOPE", "rf_previous": "D006", "rf_confidence": "medium", "rf_rationale": "The comparison shows the benchmark space is crowded at the level of 'temporal legal or regulatory QA' but empty at the level of version-level retrieval labels with recency-decoupled strata, and the legal-retrieval review independently identifies document-granularity versioning as an unaddressed fail"}
{"ts": "2026-09-30T04:38:34.444152+00:00", "level": "info", "logger": "researchforge.research", "msg": "[RESEARCH] result action=COMPARE progressed=True info_gain=3.0 tools=get_paper,record_claim,record_direction,record_uncertainty,search_paper_text,update_uncertainty outcome=\"+2 claims; +2 verified claims; +1 directions; +1 uncertainties\" papers=100 open_uncertainties=18", "rf_action": "COMPARE", "rf_progressed": true, "rf_info_gain": 3.0, "rf_tools": "get_paper,record_claim,record_direction,record_uncertainty,search_paper_text,update_uncertainty", "rf_outcome": "+2 claims; +2 verified claims; +1 directions; +1 uncertainties", "rf_papers": 100, "rf_open_uncertainties": 18}
{"ts": "2026-09-30T04:38:34.446219+00:00", "level": "info", "logger": "researchforge.research", "msg": "[RESEARCH] uncertainty_added uncertainty=U024 importance=high category=contradiction raised_by=controller question=\"Is direction D007 already explored or contradicted: Narrow the benchmark claim to what is unmatched: version-level gold \"", "rf_uncertainty": "U024", "rf_importance": "high", "rf_category": "contradiction", "rf_raised_by": "controller", "rf_question": "Is direction D007 already explored or contradicted: Narrow the benchmark claim to what is unmatched: version-level gold labels (which clause version is authoritative) plus recency-decoupled strata and an answer-differential screen, delivered on amended regulatory text. Do not claim novelty for 'a te"}
{"ts": "2026-09-30T04:38:34.462716+00:00", "level": "info", "logger": "researchforge.research", "msg": "[RESEARCH] decision phase=UNCERTAINTY action=COMPARE focus=\"U023: Can the existing legal benchmark that encodes temporal validity (LEGAL-LINK-EU) be extended or re-labelled to vers\" reason=\"Most valuable next step for medium-importance overlap question U023: score 0.694 = importance 2 x expected gain 0.867 x \" iteration=14 open_uncertainties=19 candidates=\"COMPARE:U023=0.694; PLAN_EXPERIMENT:U021=0.661; COMPARE:U005=0.655; COMPARE:U009=0.655\"", "rf_phase": "UNCERTAINTY", "rf_action": "COMPARE", "rf_focus": "U023: Can the existing legal benchmark that encodes temporal validity (LEGAL-LINK-EU) be extended or re-labelled to version-level retrieval evaluation, which would pre-empt the proposed benchmark resource?", "rf_reason": "Most valuable next step for medium-importance overlap question U023: score 0.694 = importance 2 x expected gain 0.867 x relevance 1 x evidence deficiency 0.6 / cost 1.5. Next best: PLAN_EXPERIMENT on U021 (0.661).", "rf_iteration": 14, "rf_open_uncertainties": 19, "rf_candidates": "COMPARE:U023=0.694; PLAN_EXPERIMENT:U021=0.661; COMPARE:U005=0.655; COMPARE:U009=0.655"}
{"ts": "2026-09-30T04:38:38.698568+00:00", "level": "info", "logger": "researchforge.research", "msg": "[RESEARCH] tool_invocation action=COMPARE tool=search_paper_text", "rf_action": "COMPARE", "rf_tool": "search_paper_text"}
{"ts": "2026-09-30T04:38:38.715661+00:00", "level": "info", "logger": "researchforge.research", "msg": "[RESEARCH] tool_invocation action=COMPARE tool=search_paper_text", "rf_action": "COMPARE", "rf_tool": "search_paper_text"}
{"ts": "2026-09-30T04:38:38.725423+00:00", "level": "info", "logger": "researchforge.research", "msg": "[RESEARCH] tool_invocation action=COMPARE tool=search_paper_text", "rf_action": "COMPARE", "rf_tool": "search_paper_text"}
{"ts": "2026-09-30T04:38:53.556601+00:00", "level": "info", "logger": "researchforge.research", "msg": "[RESEARCH] tool_invocation action=COMPARE tool=record_claim", "rf_action": "COMPARE", "rf_tool": "record_claim"}
{"ts": "2026-09-30T04:38:53.628933+00:00", "level": "info", "logger": "researchforge.research", "msg": "[RESEARCH] tool_invocation action=COMPARE tool=record_claim", "rf_action": "COMPARE", "rf_tool": "record_claim"}
{"ts": "2026-09-30T04:38:53.667534+00:00", "level": "info", "logger": "researchforge.research", "msg": "[RESEARCH] tool_invocation action=COMPARE tool=update_uncertainty", "rf_action": "COMPARE", "rf_tool": "update_uncertainty"}
{"ts": "2026-09-30T04:38:53.675770+00:00", "level": "info", "logger": "researchforge.research", "msg": "[RESEARCH] tool_invocation action=COMPARE tool=record_direction", "rf_action": "COMPARE", "rf_tool": "record_direction"}
{"ts": "2026-09-30T04:38:53.683268+00:00", "level": "info", "logger": "researchforge.research", "msg": "[RESEARCH] tool_invocation action=COMPARE tool=record_uncertainty", "rf_action": "COMPARE", "rf_tool": "record_uncertainty"}
{"ts": "2026-09-30T04:38:55.354860+00:00", "level": "info", "logger": "researchforge.research", "msg": "[RESEARCH] uncertainty_status uncertainty=U023 before=open after=resolved verdict=", "rf_uncertainty": "U023", "rf_before": "open", "rf_after": "resolved", "rf_verdict": ""}
{"ts": "2026-09-30T04:38:55.355041+00:00", "level": "info", "logger": "researchforge.research", "msg": "[RESEARCH] confidence_change uncertainty=U023 before=None after=0.7 basis=\"Full-text evidence on how the closest legal benchmark's items are constructed and what its grounding axis supplies, plus\"", "rf_uncertainty": "U023", "rf_before": null, "rf_after": 0.7, "rf_basis": "Full-text evidence on how the closest legal benchmark's items are constructed and what its grounding axis supplies, plus the same paper's explicit statement that retrieval-oriented legal benchmarks do not assess in-force status of retrieved provisions. Residual doubt is about whether an unreleased e"}
{"ts": "2026-09-30T04:38:55.355063+00:00", "level": "info", "logger": "researchforge.research", "msg": "[RESEARCH] uncertainty_added uncertainty=U025 importance=medium category=evaluation raised_by=UNCERTAINTY", "rf_uncertainty": "U025", "rf_importance": "medium", "rf_category": "evaluation", "rf_raised_by": "UNCERTAINTY"}
{"ts": "2026-09-30T04:38:55.355258+00:00", "level": "info", "logger": "researchforge.research", "msg": "[RESEARCH] direction_change direction=D008 change_type=REFINE_SCOPE previous=D007 confidence=medium rationale=\"The compared legal benchmark is multiple-choice with supplied context and answer-option gold labels, and its own paper s\"", "rf_direction": "D008", "rf_change_type": "REFINE_SCOPE", "rf_previous": "D007", "rf_confidence": "medium", "rf_rationale": "The compared legal benchmark is multiple-choice with supplied context and answer-option gold labels, and its own paper states that retrieval-oriented legal benchmarks do not assess whether retrieved provisions remain in force; the legal-retrieval review independently identifies document-granularity "}
{"ts": "2026-09-30T04:38:55.366051+00:00", "level": "info", "logger": "researchforge.research", "msg": "[RESEARCH] result action=COMPARE progressed=True info_gain=5.0 tools=record_claim,record_direction,record_uncertainty,search_paper_text,update_uncertainty outcome=\"+2 claims; +2 verified claims; +1 directions; +1 uncertainties; +1 resolved uncertainties; uncertainties updated: U023\" papers=100 open_uncertainties=19", "rf_action": "COMPARE", "rf_progressed": true, "rf_info_gain": 5.0, "rf_tools": "record_claim,record_direction,record_uncertainty,search_paper_text,update_uncertainty", "rf_outcome": "+2 claims; +2 verified claims; +1 directions; +1 uncertainties; +1 resolved uncertainties; uncertainties updated: U023", "rf_papers": 100, "rf_open_uncertainties": 19}
{"ts": "2026-09-30T04:38:55.368091+00:00", "level": "info", "logger": "researchforge.research", "msg": "[RESEARCH] uncertainty_added uncertainty=U026 importance=high category=contradiction raised_by=controller question=\"Is direction D008 already explored or contradicted: Make the version-level retrieval benchmark the primary contribution \"", "rf_uncertainty": "U026", "rf_importance": "high", "rf_category": "contradiction", "rf_raised_by": "controller", "rf_question": "Is direction D008 already explored or contradicted: Make the version-level retrieval benchmark the primary contribution and the retriever comparison its first use: build version chains and per-clause in-force intervals over an EUR-Lex-like amended legal corpus, label gold by version identity, and in"}
{"ts": "2026-09-30T04:38:55.385119+00:00", "level": "info", "logger": "researchforge.research", "msg": "[RESEARCH] decision phase=UNCERTAINTY action=COMPARE focus=\"U005: Is 'retrieval-agnostic' a substantive contribution, or does the temporal relevance term reduce to an already-publi\" reason=\"Most valuable next step for high-importance direction question U005: score 0.68 = importance 3 x expected gain 0.9 x rel\" iteration=15 open_uncertainties=20 candidates=\"COMPARE:U005=0.68; COMPARE:U009=0.68; PLAN_EXPERIMENT:U021=0.661; REFINE:U005=0.489\"", "rf_phase": "UNCERTAINTY", "rf_action": "COMPARE", "rf_focus": "U005: Is 'retrieval-agnostic' a substantive contribution, or does the temporal relevance term reduce to an already-published fixed hybrid, making the plug-in framing a repackaging with little added value?", "rf_reason": "Most valuable next step for high-importance direction question U005: score 0.68 = importance 3 x expected gain 0.9 x relevance 0.9 x evidence deficiency 0.42 / cost 1.5. Next best: COMPARE on U009 (0.68).", "rf_iteration": 15, "rf_open_uncertainties": 20, "rf_candidates": "COMPARE:U005=0.68; COMPARE:U009=0.68; PLAN_EXPERIMENT:U021=0.661; REFINE:U005=0.489"}
{"ts": "2026-09-30T04:39:02.445283+00:00", "level": "info", "logger": "researchforge.research", "msg": "[RESEARCH] tool_invocation action=COMPARE tool=get_paper", "rf_action": "COMPARE", "rf_tool": "get_paper"}
{"ts": "2026-09-30T04:39:25.667575+00:00", "level": "info", "logger": "researchforge.research", "msg": "[RESEARCH] tool_invocation action=COMPARE tool=record_claim", "rf_action": "COMPARE", "rf_tool": "record_claim"}
{"ts": "2026-09-30T04:39:25.685595+00:00", "level": "info", "logger": "researchforge.research", "msg": "[RESEARCH] tool_invocation action=COMPARE tool=record_claim", "rf_action": "COMPARE", "rf_tool": "record_claim"}
{"ts": "2026-09-30T04:39:25.692892+00:00", "level": "info", "logger": "researchforge.research", "msg": "[RESEARCH] tool_invocation action=COMPARE tool=update_uncertainty", "rf_action": "COMPARE", "rf_tool": "update_uncertainty"}
{"ts": "2026-09-30T04:39:25.701586+00:00", "level": "info", "logger": "researchforge.research", "msg": "[RESEARCH] tool_invocation action=COMPARE tool=record_direction", "rf_action": "COMPARE", "rf_tool": "record_direction"}
{"ts": "2026-09-30T04:39:25.710147+00:00", "level": "info", "logger": "researchforge.research", "msg": "[RESEARCH] tool_invocation action=COMPARE tool=record_uncertainty", "rf_action": "COMPARE", "rf_tool": "record_uncertainty"}
{"ts": "2026-09-30T04:39:25.718190+00:00", "level": "info", "logger": "researchforge.research", "msg": "[RESEARCH] tool_invocation action=COMPARE tool=record_experiment_plan", "rf_action": "COMPARE", "rf_tool": "record_experiment_plan"}
{"ts": "2026-09-30T04:39:28.397878+00:00", "level": "info", "logger": "researchforge.research", "msg": "[RESEARCH] uncertainty_status uncertainty=U005 before=partially_resolved after=resolved verdict=", "rf_uncertainty": "U005", "rf_before": "partially_resolved", "rf_after": "resolved", "rf_verdict": ""}
{"ts": "2026-09-30T04:39:28.397922+00:00", "level": "info", "logger": "researchforge.research", "msg": "[RESEARCH] confidence_change uncertainty=U005 before=0.65 after=0.7 basis=\"Three independent pieces of evidence: an ontology-driven pre-retrieval filter on temporal validity in legal RAG (already\"", "rf_uncertainty": "U005", "rf_before": 0.65, "rf_after": 0.7, "rf_basis": "Three independent pieces of evidence: an ontology-driven pre-retrieval filter on temporal validity in legal RAG (already retriever-agnostic in construction), Chronofy's layer-wise temporal embedding, and measured retriever heterogeneity in a regulatory QA benchmark. Uncertainty remains about the out"}
{"ts": "2026-09-30T04:39:28.397947+00:00", "level": "info", "logger": "researchforge.research", "msg": "[RESEARCH] uncertainty_added uncertainty=U027 importance=medium category=feasibility raised_by=UNCERTAINTY", "rf_uncertainty": "U027", "rf_importance": "medium", "rf_category": "feasibility", "rf_raised_by": "UNCERTAINTY"}
{"ts": "2026-09-30T04:39:28.398160+00:00", "level": "info", "logger": "researchforge.research", "msg": "[RESEARCH] direction_change direction=D009 change_type=REFINE_SCOPE previous=D008 confidence=medium rationale=\"Retriever-agnostic temporal filtering already exists as an ontology-governed pre-retrieval filter, temporal information \"", "rf_direction": "D009", "rf_change_type": "REFINE_SCOPE", "rf_previous": "D008", "rf_confidence": "medium", "rf_rationale": "Retriever-agnostic temporal filtering already exists as an ontology-governed pre-retrieval filter, temporal information is embedded across layers elsewhere, and a regulatory QA benchmark shows the retrievers themselves rank differently by query type. These together remove the architectural framing f"}
{"ts": "2026-09-30T04:39:28.408933+00:00", "level": "info", "logger": "researchforge.research", "msg": "[RESEARCH] result action=COMPARE progressed=True info_gain=5.0 tools=get_paper,record_claim,record_direction,record_experiment_plan,record_uncertainty,update_uncertainty outcome=\"+2 claims; +2 verified claims; +1 directions; +1 uncertainties; +1 resolved uncertainties; uncertainties updated: U005\" papers=100 open_uncertainties=20", "rf_action": "COMPARE", "rf_progressed": true, "rf_info_gain": 5.0, "rf_tools": "get_paper,record_claim,record_direction,record_experiment_plan,record_uncertainty,update_uncertainty", "rf_outcome": "+2 claims; +2 verified claims; +1 directions; +1 uncertainties; +1 resolved uncertainties; uncertainties updated: U005", "rf_papers": 100, "rf_open_uncertainties": 20}
{"ts": "2026-09-30T04:39:28.411355+00:00", "level": "info", "logger": "researchforge.research", "msg": "[RESEARCH] uncertainty_added uncertainty=U028 importance=high category=contradiction raised_by=controller question=\"Is direction D009 already explored or contradicted: Stop presenting 'retrieval-agnostic' as a contribution. Treat the po\"", "rf_uncertainty": "U028", "rf_importance": "high", "rf_category": "contradiction", "rf_raised_by": "controller", "rf_question": "Is direction D009 already explored or contradicted: Stop presenting 'retrieval-agnostic' as a contribution. Treat the post-hoc gate as an implementation choice that makes one implementation reusable across retrievers, and report the cross-retriever result only as an empirical finding (per-retriever "}
{"ts": "2026-09-30T04:39:28.428975+00:00", "level": "info", "logger": "researchforge.research", "msg": "[RESEARCH] decision phase=UNCERTAINTY action=COMPARE focus=\"U009: Given that validity-aware legal retrieval is already prescribed and partially implemented, can a post-hoc temporal\" reason=\"Most valuable next step for high-importance direction question U009: score 0.696 = importance 3 x expected gain 0.92 x r\" iteration=16 open_uncertainties=21 candidates=\"COMPARE:U009=0.696; PLAN_EXPERIMENT:U021=0.661; REFINE:U009=0.489; READ:U004=0.472\"", "rf_phase": "UNCERTAINTY", "rf_action": "COMPARE", "rf_focus": "U009: Given that validity-aware legal retrieval is already prescribed and partially implemented, can a post-hoc temporal re-ranking component still be positioned as a distinct contribution, or is the remaining defensible delta only version-level contamination measurement on near-duplicate amended cl", "rf_reason": "Most valuable next step for high-importance direction question U009: score 0.696 = importance 3 x expected gain 0.92 x relevance 0.9 x evidence deficiency 0.42 / cost 1.5. Next best: PLAN_EXPERIMENT on U021 (0.661).", "rf_iteration": 16, "rf_open_uncertainties": 21, "rf_candidates": "COMPARE:U009=0.696; PLAN_EXPERIMENT:U021=0.661; REFINE:U009=0.489; READ:U004=0.472"}
{"ts": "2026-09-30T04:39:42.224281+00:00", "level": "info", "logger": "researchforge.research", "msg": "[RESEARCH] tool_invocation action=COMPARE tool=record_claim", "rf_action": "COMPARE", "rf_tool": "record_claim"}
{"ts": "2026-09-30T04:39:42.336558+00:00", "level": "info", "logger": "researchforge.research", "msg": "[RESEARCH] tool_invocation action=COMPARE tool=update_uncertainty", "rf_action": "COMPARE", "rf_tool": "update_uncertainty"}
{"ts": "2026-09-30T04:39:42.365311+00:00", "level": "info", "logger": "researchforge.research", "msg": "[RESEARCH] tool_invocation action=COMPARE tool=record_direction", "rf_action": "COMPARE", "rf_tool": "record_direction"}
{"ts": "2026-09-30T04:39:42.380031+00:00", "level": "info", "logger": "researchforge.research", "msg": "[RESEARCH] tool_invocation action=COMPARE tool=record_uncertainty", "rf_action": "COMPARE", "rf_tool": "record_uncertainty"}
{"ts": "2026-09-30T04:39:47.070738+00:00", "level": "info", "logger": "researchforge.research", "msg": "[RESEARCH] tool_invocation action=COMPARE tool=record_direction", "rf_action": "COMPARE", "rf_tool": "record_direction"}
{"ts": "2026-09-30T04:39:50.826212+00:00", "level": "info", "logger": "researchforge.research", "msg": "[RESEARCH] uncertainty_status uncertainty=U009 before=partially_resolved after=resolved verdict=", "rf_uncertainty": "U009", "rf_before": "partially_resolved", "rf_after": "resolved", "rf_verdict": ""}
{"ts": "2026-09-30T04:39:50.826570+00:00", "level": "info", "logger": "researchforge.research", "msg": "[RESEARCH] confidence_change uncertainty=U009 before=None after=0.7 basis=\"Convergent comparison evidence across five sources: the closest framework reports no empirical comparison, decay-based t\"", "rf_uncertainty": "U009", "rf_before": null, "rf_after": 0.7, "rf_basis": "Convergent comparison evidence across five sources: the closest framework reports no empirical comparison, decay-based temporal scoring is implemented elsewhere, validity-aware legal filtering is prescribed and partially implemented, and a leading legal benchmark states that in-force status of retri"}
{"ts": "2026-09-30T04:39:50.826751+00:00", "level": "info", "logger": "researchforge.research", "msg": "[RESEARCH] uncertainty_added uncertainty=U029 importance=high category=validity raised_by=UNCERTAINTY", "rf_uncertainty": "U029", "rf_importance": "high", "rf_category": "validity", "rf_raised_by": "UNCERTAINTY"}
{"ts": "2026-09-30T04:39:50.849647+00:00", "level": "info", "logger": "researchforge.research", "msg": "[RESEARCH] direction_change direction=D010 change_type=REFINE_SCOPE previous=D009 confidence=medium rationale=\"Every comparison in this phase converges: the mechanism is implemented elsewhere in decay form, validity-aware filtering\"", "rf_direction": "D010", "rf_change_type": "REFINE_SCOPE", "rf_previous": "D009", "rf_confidence": "medium", "rf_rationale": "Every comparison in this phase converges: the mechanism is implemented elsewhere in decay form, validity-aware filtering is prescribed and partially implemented, the legal-retrieval review states the required test criterion yet reports no empirical comparison, and a leading legal benchmark documents"}
{"ts": "2026-09-30T04:39:50.858151+00:00", "level": "info", "logger": "researchforge.research", "msg": "[RESEARCH] direction_change direction=D011 change_type=CHANGE_RESEARCH_QUESTION previous=D010 confidence=medium rationale=\"Recorded for taxonomic accuracy so the change of research question, not merely a scope refinement, is visible in the inv\"", "rf_direction": "D011", "rf_change_type": "CHANGE_RESEARCH_QUESTION", "rf_previous": "D010", "rf_confidence": "medium", "rf_rationale": "Recorded for taxonomic accuracy so the change of research question, not merely a scope refinement, is visible in the investigation history; the underlying evidence is the convergence of D010's comparisons."}
{"ts": "2026-09-30T04:39:51.000338+00:00", "level": "info", "logger": "researchforge.research", "msg": "[RESEARCH] result action=COMPARE progressed=True info_gain=4.0 tools=record_claim,record_direction,record_uncertainty,update_uncertainty outcome=\"+1 claims; +1 verified claims; +2 directions; +1 uncertainties; +1 resolved uncertainties; uncertainties updated: U009\" papers=100 open_uncertainties=21", "rf_action": "COMPARE", "rf_progressed": true, "rf_info_gain": 4.0, "rf_tools": "record_claim,record_direction,record_uncertainty,update_uncertainty", "rf_outcome": "+1 claims; +1 verified claims; +2 directions; +1 uncertainties; +1 resolved uncertainties; uncertainties updated: U009", "rf_papers": 100, "rf_open_uncertainties": 21}
{"ts": "2026-09-30T04:39:51.013419+00:00", "level": "info", "logger": "researchforge.research", "msg": "[RESEARCH] uncertainty_added uncertainty=U030 importance=high category=contradiction raised_by=controller question=\"Is direction D011 already explored or contradicted: This records the change type for the decision in D010, which was sav\"", "rf_uncertainty": "U030", "rf_importance": "high", "rf_category": "contradiction", "rf_raised_by": "controller", "rf_question": "Is direction D011 already explored or contradicted: This records the change type for the decision in D010, which was saved with the default REFINE_SCOPE label: the question itself changed from mechanism efficacy ('does adding a temporal relevance term improve accuracy?') to measurement ('what versio"}
{"ts": "2026-09-30T04:39:51.074111+00:00", "level": "info", "logger": "researchforge.research", "msg": "[RESEARCH] decision phase=UNCERTAINTY action=PLAN_EXPERIMENT focus=\"U021: Does the already-published recency-decay hybrid already match valid-time (as-of) gating on clause-versioned amende\" reason=\"Most valuable next step for high-importance contradiction question U021: score 0.661 = importance 3 x expected gain 0.36\" iteration=17 open_uncertainties=22 candidates=\"PLAN_EXPERIMENT:U021=0.661; PLAN_EXPERIMENT:U029=0.595; READ:U004=0.472; PLAN_EXPERIMENT:U017=0.44\"", "rf_phase": "UNCERTAINTY", "rf_action": "PLAN_EXPERIMENT", "rf_focus": "U021: Does the already-published recency-decay hybrid already match valid-time (as-of) gating on clause-versioned amended regulatory text, making the validity-versus-recency distinction immaterial in practice?", "rf_reason": "Most valuable next step for high-importance contradiction question U021: score 0.661 = importance 3 x expected gain 0.367 x relevance 1 x evidence deficiency 0.6 / cost 1. Next best: PLAN_EXPERIMENT on U029 (0.595).", "rf_iteration": 17, "rf_open_uncertainties": 22, "rf_candidates": "PLAN_EXPERIMENT:U021=0.661; PLAN_EXPERIMENT:U029=0.595; READ:U004=0.472; PLAN_EXPERIMENT:U017=0.44"}
{"ts": "2026-09-30T04:40:02.826611+00:00", "level": "info", "logger": "researchforge.research", "msg": "[RESEARCH] tool_invocation action=PLAN_EXPERIMENT tool=inspect_repository", "rf_action": "PLAN_EXPERIMENT", "rf_tool": "inspect_repository"}
{"ts": "2026-09-30T04:40:18.137694+00:00", "level": "info", "logger": "researchforge.research", "msg": "[RESEARCH] tool_invocation action=PLAN_EXPERIMENT tool=record_claim", "rf_action": "PLAN_EXPERIMENT", "rf_tool": "record_claim"}
{"ts": "2026-09-30T04:40:18.168284+00:00", "level": "info", "logger": "researchforge.research", "msg": "[RESEARCH] tool_invocation action=PLAN_EXPERIMENT tool=record_experiment_plan", "rf_action": "PLAN_EXPERIMENT", "rf_tool": "record_experiment_plan"}
{"ts": "2026-09-30T04:40:18.179157+00:00", "level": "info", "logger": "researchforge.research", "msg": "[RESEARCH] tool_invocation action=PLAN_EXPERIMENT tool=update_uncertainty", "rf_action": "PLAN_EXPERIMENT", "rf_tool": "update_uncertainty"}
{"ts": "2026-09-30T04:40:18.202391+00:00", "level": "info", "logger": "researchforge.research", "msg": "[RESEARCH] tool_invocation action=PLAN_EXPERIMENT tool=record_uncertainty", "rf_action": "PLAN_EXPERIMENT", "rf_tool": "record_uncertainty"}
{"ts": "2026-09-30T04:40:20.834314+00:00", "level": "info", "logger": "researchforge.research", "msg": "[RESEARCH] uncertainty_status uncertainty=U021 before=open after=partially_resolved verdict=", "rf_uncertainty": "U021", "rf_before": "open", "rf_after": "partially_resolved", "rf_verdict": ""}
{"ts": "2026-09-30T04:40:20.834364+00:00", "level": "info", "logger": "researchforge.research", "msg": "[RESEARCH] confidence_change uncertainty=U021 before=None after=0.5 basis=\"The accessible record shows the decay hybrid reaching near-ceiling temporal accuracy and decay integrated in another sys\"", "rf_uncertainty": "U021", "rf_before": null, "rf_after": 0.5, "rf_basis": "The accessible record shows the decay hybrid reaching near-ceiling temporal accuracy and decay integrated in another system, but neither the benchmark's temporal-accuracy definition nor any non-latest-authoritative breakdown is verifiable from the retrievable text, so the answer depends on the plann"}
{"ts": "2026-09-30T04:40:20.834386+00:00", "level": "info", "logger": "researchforge.research", "msg": "[RESEARCH] uncertainty_added uncertainty=U031 importance=medium category=validity raised_by=UNCERTAINTY", "rf_uncertainty": "U031", "rf_importance": "medium", "rf_category": "validity", "rf_raised_by": "UNCERTAINTY"}
{"ts": "2026-09-30T04:40:20.845990+00:00", "level": "info", "logger": "researchforge.research", "msg": "[RESEARCH] result action=PLAN_EXPERIMENT progressed=True info_gain=2.0 tools=inspect_repository,record_claim,record_experiment_plan,record_uncertainty,update_uncertainty outcome=\"+1 claims; +1 verified claims; +1 experiment plans; +1 uncertainties; uncertainties updated: U021\" papers=100 open_uncertainties=23", "rf_action": "PLAN_EXPERIMENT", "rf_progressed": true, "rf_info_gain": 2.0, "rf_tools": "inspect_repository,record_claim,record_experiment_plan,record_uncertainty,update_uncertainty", "rf_outcome": "+1 claims; +1 verified claims; +1 experiment plans; +1 uncertainties; uncertainties updated: U021", "rf_papers": 100, "rf_open_uncertainties": 23}
{"ts": "2026-09-30T04:40:20.866565+00:00", "level": "info", "logger": "researchforge.research", "msg": "[RESEARCH] decision phase=UNCERTAINTY action=PLAN_EXPERIMENT focus=\"U029: Do existing retrievers already select the correct in-force clause version most of the time on amended legal text, \" reason=\"Most valuable next step for high-importance validity question U029: score 0.757 = importance 3 x expected gain 0.467 x r\" iteration=18 open_uncertainties=23 candidates=\"PLAN_EXPERIMENT:U029=0.757; COMPARE:U031=0.672; PLAN_EXPERIMENT:U017=0.56; READ:U004=0.472\"", "rf_phase": "UNCERTAINTY", "rf_action": "PLAN_EXPERIMENT", "rf_focus": "U029: Do existing retrievers already select the correct in-force clause version most of the time on amended legal text, leaving no measurable version-confusion problem?", "rf_reason": "Most valuable next step for high-importance validity question U029: score 0.757 = importance 3 x expected gain 0.467 x relevance 0.9 x evidence deficiency 0.6 / cost 1. Next best: COMPARE on U031 (0.672).", "rf_iteration": 18, "rf_open_uncertainties": 23, "rf_candidates": "PLAN_EXPERIMENT:U029=0.757; COMPARE:U031=0.672; PLAN_EXPERIMENT:U017=0.56; READ:U004=0.472"}
{"ts": "2026-09-30T04:40:27.941004+00:00", "level": "info", "logger": "researchforge.research", "msg": "[RESEARCH] tool_invocation action=PLAN_EXPERIMENT tool=get_paper", "rf_action": "PLAN_EXPERIMENT", "rf_tool": "get_paper"}
{"ts": "2026-09-30T04:40:40.969108+00:00", "level": "info", "logger": "researchforge.research", "msg": "[RESEARCH] tool_invocation action=PLAN_EXPERIMENT tool=record_claim", "rf_action": "PLAN_EXPERIMENT", "rf_tool": "record_claim"}
{"ts": "2026-09-30T04:40:40.992007+00:00", "level": "info", "logger": "researchforge.research", "msg": "[RESEARCH] tool_invocation action=PLAN_EXPERIMENT tool=record_claim", "rf_action": "PLAN_EXPERIMENT", "rf_tool": "record_claim"}
{"ts": "2026-09-30T04:40:41.026364+00:00", "level": "info", "logger": "researchforge.research", "msg": "[RESEARCH] tool_invocation action=PLAN_EXPERIMENT tool=record_experiment_plan", "rf_action": "PLAN_EXPERIMENT", "rf_tool": "record_experiment_plan"}
{"ts": "2026-09-30T04:40:41.034041+00:00", "level": "info", "logger": "researchforge.research", "msg": "[RESEARCH] tool_invocation action=PLAN_EXPERIMENT tool=update_uncertainty", "rf_action": "PLAN_EXPERIMENT", "rf_tool": "update_uncertainty"}
{"ts": "2026-09-30T04:40:41.054855+00:00", "level": "info", "logger": "researchforge.research", "msg": "[RESEARCH] tool_invocation action=PLAN_EXPERIMENT tool=record_uncertainty", "rf_action": "PLAN_EXPERIMENT", "rf_tool": "record_uncertainty"}
{"ts": "2026-09-30T04:40:43.742755+00:00", "level": "info", "logger": "researchforge.research", "msg": "[RESEARCH] uncertainty_status uncertainty=U029 before=open after=partially_resolved verdict=", "rf_uncertainty": "U029", "rf_before": "open", "rf_after": "partially_resolved", "rf_verdict": ""}
{"ts": "2026-09-30T04:40:43.742824+00:00", "level": "info", "logger": "researchforge.research", "msg": "[RESEARCH] confidence_change uncertainty=U029 before=None after=0.55 basis=\"One quantitative anchor (10.8% temporal-evidence leakage for hybrid RAG in point-in-time financial QA) plus three qualit\"", "rf_uncertainty": "U029", "rf_before": null, "rf_after": 0.55, "rf_basis": "One quantitative anchor (10.8% temporal-evidence leakage for hybrid RAG in point-in-time financial QA) plus three qualitative capability and failure statements, none of which measure clause-version confusion in amended legal text; the comparability of the leakage metric to version contamination is i"}
{"ts": "2026-09-30T04:40:43.742849+00:00", "level": "info", "logger": "researchforge.research", "msg": "[RESEARCH] uncertainty_added uncertainty=U032 importance=medium category=validity raised_by=UNCERTAINTY", "rf_uncertainty": "U032", "rf_importance": "medium", "rf_category": "validity", "rf_raised_by": "UNCERTAINTY"}
{"ts": "2026-09-30T04:40:43.763577+00:00", "level": "info", "logger": "researchforge.research", "msg": "[RESEARCH] result action=PLAN_EXPERIMENT progressed=True info_gain=3.0 tools=get_paper,record_claim,record_experiment_plan,record_uncertainty,update_uncertainty outcome=\"+2 claims; +2 verified claims; +1 experiment plans; +1 uncertainties; uncertainties updated: U029\" papers=100 open_uncertainties=24", "rf_action": "PLAN_EXPERIMENT", "rf_progressed": true, "rf_info_gain": 3.0, "rf_tools": "get_paper,record_claim,record_experiment_plan,record_uncertainty,update_uncertainty", "rf_outcome": "+2 claims; +2 verified claims; +1 experiment plans; +1 uncertainties; uncertainties updated: U029", "rf_papers": 100, "rf_open_uncertainties": 24}
{"ts": "2026-09-30T04:40:43.786329+00:00", "level": "info", "logger": "researchforge.research", "msg": "[RESEARCH] decision phase=UNCERTAINTY action=PLAN_EXPERIMENT focus=\"U017: Is a benchmark-and-measurement contribution (clause-level point-in-time retrieval evaluation plus retrieval-time v\" reason=\"Most valuable next step for medium-importance novelty question U017: score 0.72 = importance 2 x expected gain 0.6 x rel\" iteration=19 open_uncertainties=24 candidates=\"PLAN_EXPERIMENT:U017=0.72; COMPARE:U031=0.672; COMPARE:U032=0.672; PLAN_EXPERIMENT:U032=0.648\"", "rf_phase": "UNCERTAINTY", "rf_action": "PLAN_EXPERIMENT", "rf_focus": "U017: Is a benchmark-and-measurement contribution (clause-level point-in-time retrieval evaluation plus retrieval-time valid-time gating) sufficient on its own, given that the gap it fills is already named in the literature?", "rf_reason": "Most valuable next step for medium-importance novelty question U017: score 0.72 = importance 2 x expected gain 0.6 x relevance 1 x evidence deficiency 0.6 / cost 1. Next best: COMPARE on U031 (0.672).", "rf_iteration": 19, "rf_open_uncertainties": 24, "rf_candidates": "PLAN_EXPERIMENT:U017=0.72; COMPARE:U031=0.672; COMPARE:U032=0.672; PLAN_EXPERIMENT:U032=0.648"}
{"ts": "2026-09-30T04:40:55.157491+00:00", "level": "info", "logger": "researchforge.research", "msg": "[RESEARCH] tool_invocation action=PLAN_EXPERIMENT tool=search_paper_text", "rf_action": "PLAN_EXPERIMENT", "rf_tool": "search_paper_text"}
{"ts": "2026-09-30T04:41:11.523984+00:00", "level": "info", "logger": "researchforge.research", "msg": "[RESEARCH] tool_invocation action=PLAN_EXPERIMENT tool=record_claim", "rf_action": "PLAN_EXPERIMENT", "rf_tool": "record_claim"}
{"ts": "2026-09-30T04:41:11.555080+00:00", "level": "info", "logger": "researchforge.research", "msg": "[RESEARCH] tool_invocation action=PLAN_EXPERIMENT tool=record_claim", "rf_action": "PLAN_EXPERIMENT", "rf_tool": "record_claim"}
{"ts": "2026-09-30T04:41:11.582121+00:00", "level": "info", "logger": "researchforge.research", "msg": "[RESEARCH] tool_invocation action=PLAN_EXPERIMENT tool=record_experiment_plan", "rf_action": "PLAN_EXPERIMENT", "rf_tool": "record_experiment_plan"}
{"ts": "2026-09-30T04:41:11.589612+00:00", "level": "info", "logger": "researchforge.research", "msg": "[RESEARCH] tool_invocation action=PLAN_EXPERIMENT tool=update_uncertainty", "rf_action": "PLAN_EXPERIMENT", "rf_tool": "update_uncertainty"}
{"ts": "2026-09-30T04:41:11.615445+00:00", "level": "info", "logger": "researchforge.research", "msg": "[RESEARCH] tool_invocation action=PLAN_EXPERIMENT tool=record_uncertainty", "rf_action": "PLAN_EXPERIMENT", "rf_tool": "record_uncertainty"}
{"ts": "2026-09-30T04:41:16.416022+00:00", "level": "info", "logger": "researchforge.research", "msg": "[RESEARCH] uncertainty_status uncertainty=U017 before=open after=partially_resolved verdict=", "rf_uncertainty": "U017", "rf_before": "open", "rf_after": "partially_resolved", "rf_verdict": ""}
{"ts": "2026-09-30T04:41:16.416263+00:00", "level": "info", "logger": "researchforge.research", "msg": "[RESEARCH] confidence_change uncertainty=U017 before=None after=0.6 basis=\"Three precedents of accepted measurement/resource contributions in this neighbourhood, each carrying a diagnostic result\"", "rf_uncertainty": "U017", "rf_before": null, "rf_after": 0.6, "rf_basis": "Three precedents of accepted measurement/resource contributions in this neighbourhood, each carrying a diagnostic result, plus the closest legal framework's explicit statement that it reports no empirical comparison. The verdict depends on results not yet produced, so it is narrowed rather than sett"}
{"ts": "2026-09-30T04:41:16.416291+00:00", "level": "info", "logger": "researchforge.research", "msg": "[RESEARCH] uncertainty_added uncertainty=U033 importance=medium category=evaluation raised_by=UNCERTAINTY", "rf_uncertainty": "U033", "rf_importance": "medium", "rf_category": "evaluation", "rf_raised_by": "UNCERTAINTY"}
{"ts": "2026-09-30T04:41:16.428504+00:00", "level": "info", "logger": "researchforge.research", "msg": "[RESEARCH] result action=PLAN_EXPERIMENT progressed=True info_gain=3.0 tools=record_claim,record_experiment_plan,record_uncertainty,search_paper_text,update_uncertainty outcome=\"+2 claims; +2 verified claims; +1 experiment plans; +1 uncertainties; uncertainties updated: U017\" papers=100 open_uncertainties=25", "rf_action": "PLAN_EXPERIMENT", "rf_progressed": true, "rf_info_gain": 3.0, "rf_tools": "record_claim,record_experiment_plan,record_uncertainty,search_paper_text,update_uncertainty", "rf_outcome": "+2 claims; +2 verified claims; +1 experiment plans; +1 uncertainties; uncertainties updated: U017", "rf_papers": 100, "rf_open_uncertainties": 25}
{"ts": "2026-09-30T04:41:16.449752+00:00", "level": "info", "logger": "researchforge.research", "msg": "[RESEARCH] decision phase=UNCERTAINTY action=PLAN_EXPERIMENT focus=\"U032: Is temporal evidence leakage (evidence not yet public at the as-of date) a valid prior for version contamination (\" reason=\"Most valuable next step for medium-importance validity question U032: score 0.734 = importance 2 x expected gain 0.68 x \" iteration=20 open_uncertainties=25 candidates=\"PLAN_EXPERIMENT:U032=0.734; COMPARE:U031=0.672; COMPARE:U032=0.672; PLAN_EXPERIMENT:U013=0.653\"", "rf_phase": "UNCERTAINTY", "rf_action": "PLAN_EXPERIMENT", "rf_focus": "U032: Is temporal evidence leakage (evidence not yet public at the as-of date) a valid prior for version contamination (retrieval of a superseded or not-yet-in-force near-duplicate clause), or do the two metrics measure different failure modes with different base rates?", "rf_reason": "Most valuable next step for medium-importance validity question U032: score 0.734 = importance 2 x expected gain 0.68 x relevance 0.9 x evidence deficiency 0.6 / cost 1. Next best: COMPARE on U031 (0.672).", "rf_iteration": 20, "rf_open_uncertainties": 25, "rf_candidates": "PLAN_EXPERIMENT:U032=0.734; COMPARE:U031=0.672; COMPARE:U032=0.672; PLAN_EXPERIMENT:U013=0.653"}
{"ts": "2026-09-30T04:41:38.026381+00:00", "level": "info", "logger": "researchforge.research", "msg": "[RESEARCH] tool_invocation action=PLAN_EXPERIMENT tool=record_claim", "rf_action": "PLAN_EXPERIMENT", "rf_tool": "record_claim"}
{"ts": "2026-09-30T04:41:38.062235+00:00", "level": "info", "logger": "researchforge.research", "msg": "[RESEARCH] tool_invocation action=PLAN_EXPERIMENT tool=record_experiment_plan", "rf_action": "PLAN_EXPERIMENT", "rf_tool": "record_experiment_plan"}
{"ts": "2026-09-30T04:41:38.070960+00:00", "level": "info", "logger": "researchforge.research", "msg": "[RESEARCH] tool_invocation action=PLAN_EXPERIMENT tool=update_uncertainty", "rf_action": "PLAN_EXPERIMENT", "rf_tool": "update_uncertainty"}
{"ts": "2026-09-30T04:41:38.093996+00:00", "level": "info", "logger": "researchforge.research", "msg": "[RESEARCH] tool_invocation action=PLAN_EXPERIMENT tool=record_uncertainty", "rf_action": "PLAN_EXPERIMENT", "rf_tool": "record_uncertainty"}
{"ts": "2026-09-30T04:41:40.813529+00:00", "level": "info", "logger": "researchforge.research", "msg": "[RESEARCH] uncertainty_status uncertainty=U032 before=open after=resolved verdict=", "rf_uncertainty": "U032", "rf_before": "open", "rf_after": "resolved", "rf_verdict": ""}
{"ts": "2026-09-30T04:41:40.813574+00:00", "level": "info", "logger": "researchforge.research", "msg": "[RESEARCH] confidence_change uncertainty=U032 before=None after=0.75 basis=\"Definitional analysis grounded in verified statements of how the financial system enforces an information boundary and i\"", "rf_uncertainty": "U032", "rf_before": null, "rf_after": 0.75, "rf_basis": "Definitional analysis grounded in verified statements of how the financial system enforces an information boundary and in the legal distinction between valid time and transaction time. The remaining uncertainty is empirical (actual base rates on a legal corpus), which the recorded plan measures."}
{"ts": "2026-09-30T04:41:40.813598+00:00", "level": "info", "logger": "researchforge.research", "msg": "[RESEARCH] uncertainty_added uncertainty=U034 importance=medium category=feasibility raised_by=UNCERTAINTY", "rf_uncertainty": "U034", "rf_importance": "medium", "rf_category": "feasibility", "rf_raised_by": "UNCERTAINTY"}
{"ts": "2026-09-30T04:41:40.826233+00:00", "level": "info", "logger": "researchforge.research", "msg": "[RESEARCH] result action=PLAN_EXPERIMENT progressed=True info_gain=4.0 tools=record_claim,record_experiment_plan,record_uncertainty,update_uncertainty outcome=\"+1 claims; +1 verified claims; +1 experiment plans; +1 uncertainties; +1 resolved uncertainties; uncertainties updated: \" papers=100 open_uncertainties=25", "rf_action": "PLAN_EXPERIMENT", "rf_progressed": true, "rf_info_gain": 4.0, "rf_tools": "record_claim,record_experiment_plan,record_uncertainty,update_uncertainty", "rf_outcome": "+1 claims; +1 verified claims; +1 experiment plans; +1 uncertainties; +1 resolved uncertainties; uncertainties updated: U032", "rf_papers": 100, "rf_open_uncertainties": 25}
{"ts": "2026-09-30T04:41:40.849107+00:00", "level": "info", "logger": "researchforge.research", "msg": "[RESEARCH] decision phase=UNCERTAINTY action=PLAN_EXPERIMENT focus=\"U013: Will enough non-latest-version queries exist (or be constructible) in a legal corpus to give the recency-decoupled\" reason=\"Most valuable next step for medium-importance evaluation question U013: score 0.704 = importance 2 x expected gain 0.733\" iteration=21 open_uncertainties=25 candidates=\"PLAN_EXPERIMENT:U013=0.704; PLAN_EXPERIMENT:U025=0.704; PLAN_EXPERIMENT:U033=0.704; COMPARE:U031=0.672\"", "rf_phase": "UNCERTAINTY", "rf_action": "PLAN_EXPERIMENT", "rf_focus": "U013: Will enough non-latest-version queries exist (or be constructible) in a legal corpus to give the recency-decoupled comparison adequate statistical power?", "rf_reason": "Most valuable next step for medium-importance evaluation question U013: score 0.704 = importance 2 x expected gain 0.733 x relevance 0.8 x evidence deficiency 0.6 / cost 1. Next best: PLAN_EXPERIMENT on U025 (0.704).", "rf_iteration": 21, "rf_open_uncertainties": 25, "rf_candidates": "PLAN_EXPERIMENT:U013=0.704; PLAN_EXPERIMENT:U025=0.704; PLAN_EXPERIMENT:U033=0.704; COMPARE:U031=0.672"}
{"ts": "2026-09-30T04:41:51.193664+00:00", "level": "info", "logger": "researchforge.research", "msg": "[RESEARCH] tool_invocation action=PLAN_EXPERIMENT tool=search_paper_text", "rf_action": "PLAN_EXPERIMENT", "rf_tool": "search_paper_text"}
{"ts": "2026-09-30T04:42:09.402605+00:00", "level": "info", "logger": "researchforge.research", "msg": "[RESEARCH] tool_invocation action=PLAN_EXPERIMENT tool=record_claim", "rf_action": "PLAN_EXPERIMENT", "rf_tool": "record_claim"}
{"ts": "2026-09-30T04:42:09.438825+00:00", "level": "info", "logger": "researchforge.research", "msg": "[RESEARCH] tool_invocation action=PLAN_EXPERIMENT tool=record_claim", "rf_action": "PLAN_EXPERIMENT", "rf_tool": "record_claim"}
{"ts": "2026-09-30T04:42:09.469469+00:00", "level": "info", "logger": "researchforge.research", "msg": "[RESEARCH] tool_invocation action=PLAN_EXPERIMENT tool=record_experiment_plan", "rf_action": "PLAN_EXPERIMENT", "rf_tool": "record_experiment_plan"}
{"ts": "2026-09-30T04:42:09.477729+00:00", "level": "info", "logger": "researchforge.research", "msg": "[RESEARCH] tool_invocation action=PLAN_EXPERIMENT tool=update_uncertainty", "rf_action": "PLAN_EXPERIMENT", "rf_tool": "update_uncertainty"}
{"ts": "2026-09-30T04:42:09.500437+00:00", "level": "info", "logger": "researchforge.research", "msg": "[RESEARCH] tool_invocation action=PLAN_EXPERIMENT tool=record_uncertainty", "rf_action": "PLAN_EXPERIMENT", "rf_tool": "record_uncertainty"}
{"ts": "2026-09-30T04:42:12.450129+00:00", "level": "info", "logger": "researchforge.research", "msg": "[RESEARCH] uncertainty_status uncertainty=U013 before=open after=partially_resolved verdict=", "rf_uncertainty": "U013", "rf_before": "open", "rf_after": "partially_resolved", "rf_verdict": ""}
{"ts": "2026-09-30T04:42:12.450173+00:00", "level": "info", "logger": "researchforge.research", "msg": "[RESEARCH] confidence_change uncertainty=U013 before=None after=0.6 basis=\"A verified prevalence estimate and a verified alternative-context construction precedent establish that the stratum is c\"", "rf_uncertainty": "U013", "rf_before": null, "rf_after": 0.6, "rf_basis": "A verified prevalence estimate and a verified alternative-context construction precedent establish that the stratum is constructed rather than sampled, so the power question reduces to corpus size and clustering; the actual counts per corpus remain unverified."}
{"ts": "2026-09-30T04:42:12.450196+00:00", "level": "info", "logger": "researchforge.research", "msg": "[RESEARCH] uncertainty_added uncertainty=U035 importance=medium category=evaluation raised_by=UNCERTAINTY", "rf_uncertainty": "U035", "rf_importance": "medium", "rf_category": "evaluation", "rf_raised_by": "UNCERTAINTY"}
{"ts": "2026-09-30T04:42:12.461505+00:00", "level": "info", "logger": "researchforge.research", "msg": "[RESEARCH] result action=PLAN_EXPERIMENT progressed=True info_gain=3.0 tools=record_claim,record_experiment_plan,record_uncertainty,search_paper_text,update_uncertainty outcome=\"+2 claims; +2 verified claims; +1 experiment plans; +1 uncertainties; uncertainties updated: U013\" papers=100 open_uncertainties=26", "rf_action": "PLAN_EXPERIMENT", "rf_progressed": true, "rf_info_gain": 3.0, "rf_tools": "record_claim,record_experiment_plan,record_uncertainty,search_paper_text,update_uncertainty", "rf_outcome": "+2 claims; +2 verified claims; +1 experiment plans; +1 uncertainties; uncertainties updated: U013", "rf_papers": 100, "rf_open_uncertainties": 26}
{"ts": "2026-09-30T04:42:12.482983+00:00", "level": "info", "logger": "researchforge.research", "msg": "[RESEARCH] decision phase=UNCERTAINTY action=PLAN_EXPERIMENT focus=\"U025: What is the natural prevalence of queries whose authoritative clause version is not the latest, and does heavy ove\" reason=\"Most valuable next step for medium-importance evaluation question U025: score 0.74 = importance 2 x expected gain 0.771 \" iteration=22 open_uncertainties=26 candidates=\"PLAN_EXPERIMENT:U025=0.74; PLAN_EXPERIMENT:U033=0.74; PLAN_EXPERIMENT:U035=0.74; COMPARE:U031=0.672\"", "rf_phase": "UNCERTAINTY", "rf_action": "PLAN_EXPERIMENT", "rf_focus": "U025: What is the natural prevalence of queries whose authoritative clause version is not the latest, and does heavy oversampling of that stratum make the reported failure rates unrepresentative of deployed legal QA?", "rf_reason": "Most valuable next step for medium-importance evaluation question U025: score 0.74 = importance 2 x expected gain 0.771 x relevance 0.8 x evidence deficiency 0.6 / cost 1. Next best: PLAN_EXPERIMENT on U033 (0.74).", "rf_iteration": 22, "rf_open_uncertainties": 26, "rf_candidates": "PLAN_EXPERIMENT:U025=0.74; PLAN_EXPERIMENT:U033=0.74; PLAN_EXPERIMENT:U035=0.74; COMPARE:U031=0.672"}
{"ts": "2026-09-30T04:42:34.232727+00:00", "level": "info", "logger": "researchforge.research", "msg": "[RESEARCH] tool_invocation action=PLAN_EXPERIMENT tool=record_claim", "rf_action": "PLAN_EXPERIMENT", "rf_tool": "record_claim"}
{"ts": "2026-09-30T04:42:34.270245+00:00", "level": "info", "logger": "researchforge.research", "msg": "[RESEARCH] tool_invocation action=PLAN_EXPERIMENT tool=record_experiment_plan", "rf_action": "PLAN_EXPERIMENT", "rf_tool": "record_experiment_plan"}
{"ts": "2026-09-30T04:42:34.278679+00:00", "level": "info", "logger": "researchforge.research", "msg": "[RESEARCH] tool_invocation action=PLAN_EXPERIMENT tool=update_uncertainty", "rf_action": "PLAN_EXPERIMENT", "rf_tool": "update_uncertainty"}
{"ts": "2026-09-30T04:42:34.302832+00:00", "level": "info", "logger": "researchforge.research", "msg": "[RESEARCH] tool_invocation action=PLAN_EXPERIMENT tool=record_uncertainty", "rf_action": "PLAN_EXPERIMENT", "rf_tool": "record_uncertainty"}
{"ts": "2026-09-30T04:42:48.887139+00:00", "level": "info", "logger": "researchforge.research", "msg": "[RESEARCH] uncertainty_status uncertainty=U025 before=open after=partially_resolved verdict=", "rf_uncertainty": "U025", "rf_before": "open", "rf_after": "partially_resolved", "rf_verdict": ""}
{"ts": "2026-09-30T04:42:48.887575+00:00", "level": "info", "logger": "researchforge.research", "msg": "[RESEARCH] confidence_change uncertainty=U025 before=None after=0.55 basis=\"The only prevalence evidence is from web QA and covers temporal plus geographical dependence, so it bounds rather than d\"", "rf_uncertainty": "U025", "rf_before": null, "rf_after": 0.55, "rf_basis": "The only prevalence evidence is from web QA and covers temporal plus geographical dependence, so it bounds rather than determines the legal figure; the design consequence (reweighting plus stratum-separated reporting) follows regardless of the exact number."}
{"ts": "2026-09-30T04:42:48.887617+00:00", "level": "info", "logger": "researchforge.research", "msg": "[RESEARCH] uncertainty_added uncertainty=U036 importance=medium category=validity raised_by=UNCERTAINTY", "rf_uncertainty": "U036", "rf_importance": "medium", "rf_category": "validity", "rf_raised_by": "UNCERTAINTY"}
{"ts": "2026-09-30T04:42:48.900869+00:00", "level": "info", "logger": "researchforge.research", "msg": "[RESEARCH] result action=PLAN_EXPERIMENT progressed=True info_gain=2.0 tools=record_claim,record_experiment_plan,record_uncertainty,update_uncertainty outcome=\"+1 claims; +1 verified claims; +1 experiment plans; +1 uncertainties; uncertainties updated: U025\" papers=100 open_uncertainties=27", "rf_action": "PLAN_EXPERIMENT", "rf_progressed": true, "rf_info_gain": 2.0, "rf_tools": "record_claim,record_experiment_plan,record_uncertainty,update_uncertainty", "rf_outcome": "+1 claims; +1 verified claims; +1 experiment plans; +1 uncertainties; uncertainties updated: U025", "rf_papers": 100, "rf_open_uncertainties": 27}
{"ts": "2026-09-30T04:42:48.924912+00:00", "level": "info", "logger": "researchforge.research", "msg": "[RESEARCH] decision phase=UNCERTAINTY action=PLAN_EXPERIMENT focus=\"U036: Are web-QA and exam-style legal question mixes valid proxies for the prevalence of date-constrained questions in r\" reason=\"Most valuable next step for medium-importance validity question U036: score 0.819 = importance 2 x expected gain 0.758 x\" iteration=23 open_uncertainties=27 candidates=\"PLAN_EXPERIMENT:U036=0.819; PLAN_EXPERIMENT:U033=0.728; PLAN_EXPERIMENT:U035=0.728; COMPARE:U031=0.672\"", "rf_phase": "UNCERTAINTY", "rf_action": "PLAN_EXPERIMENT", "rf_focus": "U036: Are web-QA and exam-style legal question mixes valid proxies for the prevalence of date-constrained questions in real legal information-seeking traffic?", "rf_reason": "Most valuable next step for medium-importance validity question U036: score 0.819 = importance 2 x expected gain 0.758 x relevance 0.9 x evidence deficiency 0.6 / cost 1. Next best: PLAN_EXPERIMENT on U033 (0.728).", "rf_iteration": 23, "rf_open_uncertainties": 27, "rf_candidates": "PLAN_EXPERIMENT:U036=0.819; PLAN_EXPERIMENT:U033=0.728; PLAN_EXPERIMENT:U035=0.728; COMPARE:U031=0.672"}
{"ts": "2026-09-30T04:42:57.586307+00:00", "level": "info", "logger": "researchforge.research", "msg": "[RESEARCH] tool_invocation action=PLAN_EXPERIMENT tool=search_paper_text", "rf_action": "PLAN_EXPERIMENT", "rf_tool": "search_paper_text"}
{"ts": "2026-09-30T04:42:57.614415+00:00", "level": "info", "logger": "researchforge.research", "msg": "[RESEARCH] tool_invocation action=PLAN_EXPERIMENT tool=search_paper_text", "rf_action": "PLAN_EXPERIMENT", "rf_tool": "search_paper_text"}
{"ts": "2026-09-30T04:43:21.524200+00:00", "level": "info", "logger": "researchforge.research", "msg": "[RESEARCH] tool_invocation action=PLAN_EXPERIMENT tool=record_claim", "rf_action": "PLAN_EXPERIMENT", "rf_tool": "record_claim"}
{"ts": "2026-09-30T04:43:21.608774+00:00", "level": "info", "logger": "researchforge.research", "msg": "[RESEARCH] tool_invocation action=PLAN_EXPERIMENT tool=record_claim", "rf_action": "PLAN_EXPERIMENT", "rf_tool": "record_claim"}
{"ts": "2026-09-30T04:43:21.661205+00:00", "level": "info", "logger": "researchforge.research", "msg": "[RESEARCH] tool_invocation action=PLAN_EXPERIMENT tool=record_experiment_plan", "rf_action": "PLAN_EXPERIMENT", "rf_tool": "record_experiment_plan"}
{"ts": "2026-09-30T04:43:21.668060+00:00", "level": "info", "logger": "researchforge.research", "msg": "[RESEARCH] tool_invocation action=PLAN_EXPERIMENT tool=update_uncertainty", "rf_action": "PLAN_EXPERIMENT", "rf_tool": "update_uncertainty"}
{"ts": "2026-09-30T04:43:21.675207+00:00", "level": "info", "logger": "researchforge.research", "msg": "[RESEARCH] tool_invocation action=PLAN_EXPERIMENT tool=record_uncertainty", "rf_action": "PLAN_EXPERIMENT", "rf_tool": "record_uncertainty"}
{"ts": "2026-09-30T04:43:23.924341+00:00", "level": "info", "logger": "researchforge.research", "msg": "[RESEARCH] uncertainty_status uncertainty=U036 before=open after=partially_resolved verdict=", "rf_uncertainty": "U036", "rf_before": "open", "rf_after": "partially_resolved", "rf_verdict": ""}
{"ts": "2026-09-30T04:43:23.924388+00:00", "level": "info", "logger": "researchforge.research", "msg": "[RESEARCH] confidence_change uncertainty=U036 before=None after=0.6 basis=\"Verified statements show temporal intent is heterogeneous and that anachronistic citation occurs in deployed legal RAG, \"", "rf_uncertainty": "U036", "rf_before": null, "rf_after": 0.6, "rf_basis": "Verified statements show temporal intent is heterogeneous and that anachronistic citation occurs in deployed legal RAG, but no retrieved source reports the prevalence needed to test the proxies, so the conclusion is that they are unvalidated rather than that they are wrong."}
{"ts": "2026-09-30T04:43:23.924410+00:00", "level": "info", "logger": "researchforge.research", "msg": "[RESEARCH] uncertainty_added uncertainty=U037 importance=low category=feasibility raised_by=UNCERTAINTY", "rf_uncertainty": "U037", "rf_importance": "low", "rf_category": "feasibility", "rf_raised_by": "UNCERTAINTY"}
{"ts": "2026-09-30T04:43:23.936036+00:00", "level": "info", "logger": "researchforge.research", "msg": "[RESEARCH] result action=PLAN_EXPERIMENT progressed=True info_gain=3.0 tools=record_claim,record_experiment_plan,record_uncertainty,search_paper_text,update_uncertainty outcome=\"+2 claims; +2 verified claims; +1 experiment plans; +1 uncertainties; uncertainties updated: U036\" papers=100 open_uncertainties=28", "rf_action": "PLAN_EXPERIMENT", "rf_progressed": true, "rf_info_gain": 3.0, "rf_tools": "record_claim,record_experiment_plan,record_uncertainty,search_paper_text,update_uncertainty", "rf_outcome": "+2 claims; +2 verified claims; +1 experiment plans; +1 uncertainties; uncertainties updated: U036", "rf_papers": 100, "rf_open_uncertainties": 28}
{"ts": "2026-09-30T04:43:23.957060+00:00", "level": "info", "logger": "researchforge.research", "msg": "[RESEARCH] decision phase=UNCERTAINTY action=PLAN_EXPERIMENT focus=\"U033: Do version-level point-in-time metrics reorder retrieval systems relative to answer accuracy and recency-style tem\" reason=\"Most valuable next step for medium-importance evaluation question U033: score 0.754 = importance 2 x expected gain 0.785\" iteration=24 open_uncertainties=28 candidates=\"PLAN_EXPERIMENT:U033=0.754; PLAN_EXPERIMENT:U035=0.754; COMPARE:U031=0.672; PLAN_EXPERIMENT:U019=0.659\"", "rf_phase": "UNCERTAINTY", "rf_action": "PLAN_EXPERIMENT", "rf_focus": "U033: Do version-level point-in-time metrics reorder retrieval systems relative to answer accuracy and recency-style temporal metrics, or do they simply reproduce the established ordering?", "rf_reason": "Most valuable next step for medium-importance evaluation question U033: score 0.754 = importance 2 x expected gain 0.785 x relevance 0.8 x evidence deficiency 0.6 / cost 1. Next best: PLAN_EXPERIMENT on U035 (0.754).", "rf_iteration": 24, "rf_open_uncertainties": 28, "rf_candidates": "PLAN_EXPERIMENT:U033=0.754; PLAN_EXPERIMENT:U035=0.754; COMPARE:U031=0.672; PLAN_EXPERIMENT:U019=0.659"}
{"ts": "2026-09-30T04:43:33.924966+00:00", "level": "info", "logger": "researchforge.research", "msg": "[RESEARCH] tool_invocation action=PLAN_EXPERIMENT tool=get_paper", "rf_action": "PLAN_EXPERIMENT", "rf_tool": "get_paper"}
{"ts": "2026-09-30T04:43:33.949269+00:00", "level": "info", "logger": "researchforge.research", "msg": "[RESEARCH] tool_invocation action=PLAN_EXPERIMENT tool=get_paper", "rf_action": "PLAN_EXPERIMENT", "rf_tool": "get_paper"}
{"ts": "2026-09-30T04:43:49.509133+00:00", "level": "info", "logger": "researchforge.research", "msg": "[RESEARCH] tool_invocation action=PLAN_EXPERIMENT tool=record_claim", "rf_action": "PLAN_EXPERIMENT", "rf_tool": "record_claim"}
{"ts": "2026-09-30T04:43:49.515104+00:00", "level": "info", "logger": "researchforge.research", "msg": "[RESEARCH] tool_invocation action=PLAN_EXPERIMENT tool=record_claim", "rf_action": "PLAN_EXPERIMENT", "rf_tool": "record_claim"}
{"ts": "2026-09-30T04:43:49.520166+00:00", "level": "info", "logger": "researchforge.research", "msg": "[RESEARCH] tool_invocation action=PLAN_EXPERIMENT tool=record_experiment_plan", "rf_action": "PLAN_EXPERIMENT", "rf_tool": "record_experiment_plan"}
{"ts": "2026-09-30T04:43:49.528122+00:00", "level": "info", "logger": "researchforge.research", "msg": "[RESEARCH] tool_invocation action=PLAN_EXPERIMENT tool=update_uncertainty", "rf_action": "PLAN_EXPERIMENT", "rf_tool": "update_uncertainty"}
{"ts": "2026-09-30T04:43:49.551567+00:00", "level": "info", "logger": "researchforge.research", "msg": "[RESEARCH] tool_invocation action=PLAN_EXPERIMENT tool=record_uncertainty", "rf_action": "PLAN_EXPERIMENT", "rf_tool": "record_uncertainty"}
{"ts": "2026-09-30T04:43:52.371959+00:00", "level": "info", "logger": "researchforge.research", "msg": "[RESEARCH] uncertainty_status uncertainty=U033 before=open after=partially_resolved verdict=", "rf_uncertainty": "U033", "rf_before": "open", "rf_after": "partially_resolved", "rf_verdict": ""}
{"ts": "2026-09-30T04:43:52.372005+00:00", "level": "info", "logger": "researchforge.research", "msg": "[RESEARCH] confidence_change uncertainty=U033 before=None after=0.55 basis=\"Two verified quantitative patterns support partial overlap, including a slice-dependent ranking reversal and near-comple\"", "rf_uncertainty": "U033", "rf_before": null, "rf_after": 0.55, "rf_basis": "Two verified quantitative patterns support partial overlap, including a slice-dependent ranking reversal and near-complete temporal compliance with imperfect accuracy, but neither measures version-level contamination directly, so the specific ordering claim awaits plan E004."}
{"ts": "2026-09-30T04:43:52.372027+00:00", "level": "info", "logger": "researchforge.research", "msg": "[RESEARCH] uncertainty_added uncertainty=U038 importance=high category=validity raised_by=UNCERTAINTY", "rf_uncertainty": "U038", "rf_importance": "high", "rf_category": "validity", "rf_raised_by": "UNCERTAINTY"}
{"ts": "2026-09-30T04:43:52.383482+00:00", "level": "info", "logger": "researchforge.research", "msg": "[RESEARCH] result action=PLAN_EXPERIMENT progressed=True info_gain=2.0 tools=get_paper,record_claim,record_experiment_plan,record_uncertainty,update_uncertainty outcome=\"+2 claims; +2 verified claims; +1 uncertainties; uncertainties updated: U033\" papers=100 open_uncertainties=29", "rf_action": "PLAN_EXPERIMENT", "rf_progressed": true, "rf_info_gain": 2.0, "rf_tools": "get_paper,record_claim,record_experiment_plan,record_uncertainty,update_uncertainty", "rf_outcome": "+2 claims; +2 verified claims; +1 uncertainties; uncertainties updated: U033", "rf_papers": 100, "rf_open_uncertainties": 29}
{"ts": "2026-09-30T04:43:52.405248+00:00", "level": "info", "logger": "researchforge.research", "msg": "[RESEARCH] decision phase=UNCERTAINTY action=PLAN_EXPERIMENT focus=\"U038: Does retrieving a superseded or not-yet-in-force clause version actually cause wrong answers, or do readers recove\" reason=\"Most valuable next step for high-importance validity question U038: score 1.252 = importance 3 x expected gain 0.773 x r\" iteration=25 open_uncertainties=29 candidates=\"PLAN_EXPERIMENT:U038=1.252; COMPARE:U038=1.008; PLAN_EXPERIMENT:U035=0.742; COMPARE:U031=0.672\"", "rf_phase": "UNCERTAINTY", "rf_action": "PLAN_EXPERIMENT", "rf_focus": "U038: Does retrieving a superseded or not-yet-in-force clause version actually cause wrong answers, or do readers recover the correct answer from near-duplicate superseded text?", "rf_reason": "Most valuable next step for high-importance validity question U038: score 1.252 = importance 3 x expected gain 0.773 x relevance 0.9 x evidence deficiency 0.6 / cost 1. Next best: COMPARE on U038 (1.008).", "rf_iteration": 25, "rf_open_uncertainties": 29, "rf_candidates": "PLAN_EXPERIMENT:U038=1.252; COMPARE:U038=1.008; PLAN_EXPERIMENT:U035=0.742; COMPARE:U031=0.672"}
{"ts": "2026-09-30T04:44:13.974201+00:00", "level": "info", "logger": "researchforge.research", "msg": "[RESEARCH] tool_invocation action=PLAN_EXPERIMENT tool=record_claim", "rf_action": "PLAN_EXPERIMENT", "rf_tool": "record_claim"}
{"ts": "2026-09-30T04:44:14.032682+00:00", "level": "info", "logger": "researchforge.research", "msg": "[RESEARCH] tool_invocation action=PLAN_EXPERIMENT tool=record_claim", "rf_action": "PLAN_EXPERIMENT", "rf_tool": "record_claim"}
{"ts": "2026-09-30T04:44:14.055276+00:00", "level": "info", "logger": "researchforge.research", "msg": "[RESEARCH] tool_invocation action=PLAN_EXPERIMENT tool=record_experiment_plan", "rf_action": "PLAN_EXPERIMENT", "rf_tool": "record_experiment_plan"}
{"ts": "2026-09-30T04:44:14.062135+00:00", "level": "info", "logger": "researchforge.research", "msg": "[RESEARCH] tool_invocation action=PLAN_EXPERIMENT tool=update_uncertainty", "rf_action": "PLAN_EXPERIMENT", "rf_tool": "update_uncertainty"}
{"ts": "2026-09-30T04:44:14.088257+00:00", "level": "info", "logger": "researchforge.research", "msg": "[RESEARCH] tool_invocation action=PLAN_EXPERIMENT tool=record_uncertainty", "rf_action": "PLAN_EXPERIMENT", "rf_tool": "record_uncertainty"}
{"ts": "2026-09-30T04:44:16.551625+00:00", "level": "info", "logger": "researchforge.research", "msg": "[RESEARCH] uncertainty_status uncertainty=U038 before=open after=partially_resolved verdict=", "rf_uncertainty": "U038", "rf_before": "open", "rf_after": "partially_resolved", "rf_verdict": ""}
{"ts": "2026-09-30T04:44:16.551691+00:00", "level": "info", "logger": "researchforge.research", "msg": "[RESEARCH] confidence_change uncertainty=U038 before=None after=0.55 basis=\"Verified evidence supports both channels - readers struggle with frequently-updated answers and legal analysis treats an\"", "rf_uncertainty": "U038", "rf_before": null, "rf_after": 0.55, "rf_basis": "Verified evidence supports both channels - readers struggle with frequently-updated answers and legal analysis treats anachronistic citation as a defect independent of the answer - but no retrieved work measures the conditional probability of a correct answer after a contaminated retrieval, which pl"}
{"ts": "2026-09-30T04:44:16.551716+00:00", "level": "info", "logger": "researchforge.research", "msg": "[RESEARCH] uncertainty_added uncertainty=U039 importance=medium category=evaluation raised_by=UNCERTAINTY", "rf_uncertainty": "U039", "rf_importance": "medium", "rf_category": "evaluation", "rf_raised_by": "UNCERTAINTY"}
{"ts": "2026-09-30T04:44:16.566692+00:00", "level": "info", "logger": "researchforge.research", "msg": "[RESEARCH] result action=PLAN_EXPERIMENT progressed=True info_gain=3.0 tools=record_claim,record_experiment_plan,record_uncertainty,update_uncertainty outcome=\"+2 claims; +2 verified claims; +1 experiment plans; +1 uncertainties; uncertainties updated: U038\" papers=100 open_uncertainties=30", "rf_action": "PLAN_EXPERIMENT", "rf_progressed": true, "rf_info_gain": 3.0, "rf_tools": "record_claim,record_experiment_plan,record_uncertainty,update_uncertainty", "rf_outcome": "+2 claims; +2 verified claims; +1 experiment plans; +1 uncertainties; uncertainties updated: U038", "rf_papers": 100, "rf_open_uncertainties": 30}
{"ts": "2026-09-30T04:44:16.595044+00:00", "level": "info", "logger": "researchforge.research", "msg": "[RESEARCH] decision phase=UNCERTAINTY action=REFINE focus=\"U039: Should point-in-time QA be scored on answer content, on citation validity, or both, and which definition determine\" reason=\"Most valuable next step for medium-importance evaluation question U039: score 0.827 = importance 2 x expected gain 0.861\" iteration=26 open_uncertainties=30 candidates=\"REFINE:U039=0.827; PLAN_EXPERIMENT:U035=0.762; PLAN_EXPERIMENT:U039=0.762; COMPARE:U038=0.705\"", "rf_phase": "UNCERTAINTY", "rf_action": "REFINE", "rf_focus": "U039: Should point-in-time QA be scored on answer content, on citation validity, or both, and which definition determines whether version contamination counts as a user-visible failure?", "rf_reason": "Most valuable next step for medium-importance evaluation question U039: score 0.827 = importance 2 x expected gain 0.861 x relevance 0.8 x evidence deficiency 0.6 / cost 1. Next best: PLAN_EXPERIMENT on U035 (0.762).", "rf_iteration": 26, "rf_open_uncertainties": 30, "rf_candidates": "REFINE:U039=0.827; PLAN_EXPERIMENT:U035=0.762; PLAN_EXPERIMENT:U039=0.762; COMPARE:U038=0.705"}
{"ts": "2026-09-30T04:44:23.847387+00:00", "level": "info", "logger": "researchforge.research", "msg": "[RESEARCH] tool_invocation action=REFINE tool=get_records", "rf_action": "REFINE", "rf_tool": "get_records"}
{"ts": "2026-09-30T04:44:38.832718+00:00", "level": "info", "logger": "researchforge.research", "msg": "[RESEARCH] tool_invocation action=REFINE tool=record_claim", "rf_action": "REFINE", "rf_tool": "record_claim"}
{"ts": "2026-09-30T04:44:38.883346+00:00", "level": "info", "logger": "researchforge.research", "msg": "[RESEARCH] tool_invocation action=REFINE tool=record_claim", "rf_action": "REFINE", "rf_tool": "record_claim"}
{"ts": "2026-09-30T04:44:38.917432+00:00", "level": "info", "logger": "researchforge.research", "msg": "[RESEARCH] tool_invocation action=REFINE tool=record_modification", "rf_action": "REFINE", "rf_tool": "record_modification"}
{"ts": "2026-09-30T04:44:38.925577+00:00", "level": "info", "logger": "researchforge.research", "msg": "[RESEARCH] tool_invocation action=REFINE tool=record_direction", "rf_action": "REFINE", "rf_tool": "record_direction"}
{"ts": "2026-09-30T04:44:38.940952+00:00", "level": "info", "logger": "researchforge.research", "msg": "[RESEARCH] tool_invocation action=REFINE tool=update_uncertainty", "rf_action": "REFINE", "rf_tool": "update_uncertainty"}
{"ts": "2026-09-30T04:44:38.959178+00:00", "level": "info", "logger": "researchforge.research", "msg": "[RESEARCH] tool_invocation action=REFINE tool=record_uncertainty", "rf_action": "REFINE", "rf_tool": "record_uncertainty"}
{"ts": "2026-09-30T04:44:42.386957+00:00", "level": "info", "logger": "researchforge.research", "msg": "[RESEARCH] uncertainty_status uncertainty=U039 before=open after=resolved verdict=", "rf_uncertainty": "U039", "rf_before": "open", "rf_after": "resolved", "rf_verdict": ""}
{"ts": "2026-09-30T04:44:42.387007+00:00", "level": "info", "logger": "researchforge.research", "msg": "[RESEARCH] confidence_change uncertainty=U039 before=None after=0.7 basis=\"Verified precedents show both outcome types reported side by side, and the two definitions provably differ in sensitivit\"", "rf_uncertainty": "U039", "rf_before": null, "rf_after": 0.7, "rf_basis": "Verified precedents show both outcome types reported side by side, and the two definitions provably differ in sensitivity, so the claim-matched design follows from the evidence rather than from preference; only the magnitudes remain unmeasured."}
{"ts": "2026-09-30T04:44:42.387027+00:00", "level": "info", "logger": "researchforge.research", "msg": "[RESEARCH] uncertainty_added uncertainty=U040 importance=medium category=evaluation raised_by=UNCERTAINTY", "rf_uncertainty": "U040", "rf_importance": "medium", "rf_category": "evaluation", "rf_raised_by": "UNCERTAINTY"}
{"ts": "2026-09-30T04:44:42.387299+00:00", "level": "info", "logger": "researchforge.research", "msg": "[RESEARCH] direction_change direction=D012 change_type=REFINE_SCOPE previous=D011 confidence=medium rationale=\"Recorded after U039 was resolved: the evidence shows prior work reports citation-level and content-level outcomes side b\"", "rf_direction": "D012", "rf_change_type": "REFINE_SCOPE", "rf_previous": "D011", "rf_confidence": "medium", "rf_rationale": "Recorded after U039 was resolved: the evidence shows prior work reports citation-level and content-level outcomes side by side (a point-in-time system headlines accuracy while reporting leakage; legal analysis treats anachronistic citation as the characteristic failure), so a single aggregate would "}
{"ts": "2026-09-30T04:44:42.399534+00:00", "level": "info", "logger": "researchforge.research", "msg": "[RESEARCH] result action=REFINE progressed=True info_gain=5.0 tools=get_records,record_claim,record_direction,record_modification,record_uncertainty,update_uncertainty outcome=\"+2 claims; +2 verified claims; +1 directions; +1 uncertainties; +1 resolved uncertainties; uncertainties updated: U039\" papers=100 open_uncertainties=30", "rf_action": "REFINE", "rf_progressed": true, "rf_info_gain": 5.0, "rf_tools": "get_records,record_claim,record_direction,record_modification,record_uncertainty,update_uncertainty", "rf_outcome": "+2 claims; +2 verified claims; +1 directions; +1 uncertainties; +1 resolved uncertainties; uncertainties updated: U039", "rf_papers": 100, "rf_open_uncertainties": 30}
{"ts": "2026-09-30T04:44:42.402624+00:00", "level": "info", "logger": "researchforge.research", "msg": "[RESEARCH] uncertainty_added uncertainty=U041 importance=high category=contradiction raised_by=controller question=\"Is direction D012 already explored or contradicted: Narrow the programme to a claim-matched, dual-scored point-in-time r\"", "rf_uncertainty": "U041", "rf_importance": "high", "rf_category": "contradiction", "rf_raised_by": "controller", "rf_question": "Is direction D012 already explored or contradicted: Narrow the programme to a claim-matched, dual-scored point-in-time retrieval study on amended legal clauses: version identity (was the returned passage in force at the target date) adjudicates retrieval-level claims, and answer accuracy restricted "}
{"ts": "2026-09-30T04:44:42.422493+00:00", "level": "info", "logger": "researchforge.research", "msg": "[RESEARCH] decision phase=UNCERTAINTY action=REFINE focus=\"U040: How should version-identity scoring treat consecutive versions whose text is unchanged or near-identical, so that \" reason=\"Most valuable next step for medium-importance evaluation question U040: score 0.846 = importance 2 x expected gain 0.881\" iteration=27 open_uncertainties=31 candidates=\"REFINE:U040=0.846; PLAN_EXPERIMENT:U035=0.762; PLAN_EXPERIMENT:U040=0.762; COMPARE:U038=0.705\"", "rf_phase": "UNCERTAINTY", "rf_action": "REFINE", "rf_focus": "U040: How should version-identity scoring treat consecutive versions whose text is unchanged or near-identical, so that immaterial version differences do not inflate the contamination metric?", "rf_reason": "Most valuable next step for medium-importance evaluation question U040: score 0.846 = importance 2 x expected gain 0.881 x relevance 0.8 x evidence deficiency 0.6 / cost 1. Next best: PLAN_EXPERIMENT on U035 (0.762).", "rf_iteration": 27, "rf_open_uncertainties": 31, "rf_candidates": "REFINE:U040=0.846; PLAN_EXPERIMENT:U035=0.762; PLAN_EXPERIMENT:U040=0.762; COMPARE:U038=0.705"}
