{"ts": "2026-09-30T09:30:04.873771+00:00", "level": "info", "logger": "researchforge.research", "msg": "[RESEARCH] decision phase=CRITIQUE action=CRITIQUE focus= reason=\"The idea has not been challenged yet.\" iteration=5 open_uncertainties=5 candidates=", "rf_phase": "CRITIQUE", "rf_action": "CRITIQUE", "rf_focus": "", "rf_reason": "The idea has not been challenged yet.", "rf_iteration": 5, "rf_open_uncertainties": 5, "rf_candidates": ""}
{"ts": "2026-09-30T09:30:04.939333+00:00", "level": "info", "logger": "researchforge.research", "msg": "[RESEARCH] decision phase=UNCERTAINTY action=READ focus=\"U002: How similar is the proposed local context subgraph method to existing context-enrichment approaches like SG-RAG MO\" reason=\"Most valuable next step for high-importance overlap question U002: score 0.336 = importance 3 x expected gain 0.533 x re\" iteration=12 open_uncertainties=5 candidates=\"READ:U002=0.336; COMPARE:U002=0.318; READ:U005=0.213; READ:U003=0.101\"", "rf_phase": "UNCERTAINTY", "rf_action": "READ", "rf_focus": "U002: How similar is the proposed local context subgraph method to existing context-enrichment approaches like SG-RAG MOT or retrieval-augmented generation?", "rf_reason": "Most valuable next step for high-importance overlap question U002: score 0.336 = importance 3 x expected gain 0.533 x relevance 1 x evidence deficiency 0.42 / cost 2. Next best: COMPARE on U002 (0.318).", "rf_iteration": 12, "rf_open_uncertainties": 5, "rf_candidates": "READ:U002=0.336; COMPARE:U002=0.318; READ:U005=0.213; READ:U003=0.101"}
{"ts": "2026-09-30T09:30:28.704527+00:00", "level": "info", "logger": "researchforge.research", "msg": "[RESEARCH] uncertainty unresolved uncertainty=U002", "rf_uncertainty": "U002"}
{"ts": "2026-09-30T09:30:28.705426+00:00", "level": "info", "logger": "researchforge.research", "msg": "[RESEARCH] uncertainty_status uncertainty=U002 before=partially_resolved after=unresolved verdict=", "rf_uncertainty": "U002", "rf_before": "partially_resolved", "rf_after": "unresolved", "rf_verdict": ""}
{"ts": "2026-09-30T09:30:28.715412+00:00", "level": "info", "logger": "researchforge.research", "msg": "[RESEARCH] result action=READ progressed=False info_gain=0.0 tools= outcome=\"no recorded change\" papers=101 open_uncertainties=5", "rf_action": "READ", "rf_progressed": false, "rf_info_gain": 0.0, "rf_tools": "", "rf_outcome": "no recorded change", "rf_papers": 101, "rf_open_uncertainties": 5}
{"ts": "2026-09-30T09:30:28.737054+00:00", "level": "info", "logger": "researchforge.research", "msg": "[RESEARCH] decision phase=UNCERTAINTY action=READ focus=\"U005: Are Exact Match and F1 sufficient to capture improvements in multi-hop reasoning, or should additional metrics (e.\" reason=\"Most valuable next step for low-importance evaluation question U005: score 0.178 = importance 1 x expected gain 0.444 x \" iteration=13 open_uncertainties=4 candidates=\"READ:U005=0.178; READ:U003=0.084; READ:U004=0.065\"", "rf_phase": "UNCERTAINTY", "rf_action": "READ", "rf_focus": "U005: Are Exact Match and F1 sufficient to capture improvements in multi-hop reasoning, or should additional metrics (e.g., hop-wise accuracy) be considered?", "rf_reason": "Most valuable next step for low-importance evaluation question U005: score 0.178 = importance 1 x expected gain 0.444 x relevance 0.8 x evidence deficiency 1 / cost 2. Next best: READ on U003 (0.084).", "rf_iteration": 13, "rf_open_uncertainties": 4, "rf_candidates": "READ:U005=0.178; READ:U003=0.084; READ:U004=0.065"}
{"ts": "2026-09-30T09:30:31.697825+00:00", "level": "info", "logger": "researchforge.research", "msg": "[RESEARCH] tool_invocation action=CRITIQUE tool=search_paper_text", "rf_action": "CRITIQUE", "rf_tool": "search_paper_text"}
{"ts": "2026-09-30T09:30:39.531380+00:00", "level": "info", "logger": "researchforge.research", "msg": "[RESEARCH] tool_invocation action=READ tool=list_papers", "rf_action": "READ", "rf_tool": "list_papers"}
{"ts": "2026-09-30T09:30:44.169293+00:00", "level": "info", "logger": "researchforge.research", "msg": "[RESEARCH] tool_invocation action=CRITIQUE tool=search_paper_text", "rf_action": "CRITIQUE", "rf_tool": "search_paper_text"}
{"ts": "2026-09-30T09:30:49.735735+00:00", "level": "info", "logger": "researchforge.research", "msg": "[RESEARCH] tool_invocation action=READ tool=fetch_paper_text", "rf_action": "READ", "rf_tool": "fetch_paper_text"}
{"ts": "2026-09-30T09:30:51.873846+00:00", "level": "info", "logger": "researchforge.research", "msg": "[RESEARCH] tool_invocation action=CRITIQUE tool=search_paper_text", "rf_action": "CRITIQUE", "rf_tool": "search_paper_text"}
{"ts": "2026-09-30T09:30:56.109407+00:00", "level": "info", "logger": "researchforge.research", "msg": "[RESEARCH] tool_invocation action=READ tool=search_paper_text", "rf_action": "READ", "rf_tool": "search_paper_text"}
{"ts": "2026-09-30T09:31:00.781430+00:00", "level": "info", "logger": "researchforge.research", "msg": "[RESEARCH] tool_invocation action=CRITIQUE tool=search_paper_text", "rf_action": "CRITIQUE", "rf_tool": "search_paper_text"}
{"ts": "2026-09-30T09:31:08.290694+00:00", "level": "info", "logger": "researchforge.research", "msg": "[RESEARCH] tool_invocation action=READ tool=search_paper_text", "rf_action": "READ", "rf_tool": "search_paper_text"}
{"ts": "2026-09-30T09:31:13.027550+00:00", "level": "info", "logger": "researchforge.research", "msg": "[RESEARCH] tool_invocation action=CRITIQUE tool=search_paper_text", "rf_action": "CRITIQUE", "rf_tool": "search_paper_text"}
{"ts": "2026-09-30T09:31:15.310361+00:00", "level": "info", "logger": "researchforge.research", "msg": "[RESEARCH] tool_invocation action=READ tool=search_paper_text", "rf_action": "READ", "rf_tool": "search_paper_text"}
{"ts": "2026-09-30T09:31:23.145507+00:00", "level": "info", "logger": "researchforge.research", "msg": "[RESEARCH] tool_invocation action=CRITIQUE tool=search_paper_text", "rf_action": "CRITIQUE", "rf_tool": "search_paper_text"}
{"ts": "2026-09-30T09:31:26.983961+00:00", "level": "info", "logger": "researchforge.research", "msg": "[RESEARCH] tool_invocation action=READ tool=search_paper_text", "rf_action": "READ", "rf_tool": "search_paper_text"}
{"ts": "2026-09-30T09:31:29.464457+00:00", "level": "info", "logger": "researchforge.research", "msg": "[RESEARCH] tool_invocation action=CRITIQUE tool=search_paper_text", "rf_action": "CRITIQUE", "rf_tool": "search_paper_text"}
{"ts": "2026-09-30T09:31:32.547357+00:00", "level": "info", "logger": "researchforge.research", "msg": "[RESEARCH] tool_invocation action=READ tool=search_paper_text", "rf_action": "READ", "rf_tool": "search_paper_text"}
{"ts": "2026-09-30T09:31:35.284178+00:00", "level": "info", "logger": "researchforge.research", "msg": "[RESEARCH] tool_invocation action=CRITIQUE tool=search_paper_text", "rf_action": "CRITIQUE", "rf_tool": "search_paper_text"}
{"ts": "2026-09-30T09:31:39.075607+00:00", "level": "info", "logger": "researchforge.research", "msg": "[RESEARCH] tool_invocation action=READ tool=search_paper_text", "rf_action": "READ", "rf_tool": "search_paper_text"}
{"ts": "2026-09-30T09:31:47.182593+00:00", "level": "info", "logger": "researchforge.research", "msg": "[RESEARCH] tool_invocation action=CRITIQUE tool=search_paper_text", "rf_action": "CRITIQUE", "rf_tool": "search_paper_text"}
{"ts": "2026-09-30T09:31:49.262088+00:00", "level": "info", "logger": "researchforge.research", "msg": "[RESEARCH] tool_invocation action=READ tool=search_paper_text", "rf_action": "READ", "rf_tool": "search_paper_text"}
{"ts": "2026-09-30T09:31:51.374014+00:00", "level": "info", "logger": "researchforge.research", "msg": "[RESEARCH] tool_invocation action=CRITIQUE tool=search_paper_text", "rf_action": "CRITIQUE", "rf_tool": "search_paper_text"}
{"ts": "2026-09-30T09:31:53.450066+00:00", "level": "info", "logger": "researchforge.research", "msg": "[RESEARCH] tool_invocation action=READ tool=search_paper_text", "rf_action": "READ", "rf_tool": "search_paper_text"}
{"ts": "2026-09-30T09:31:59.510493+00:00", "level": "info", "logger": "researchforge.research", "msg": "[RESEARCH] tool_invocation action=CRITIQUE tool=search_paper_text", "rf_action": "CRITIQUE", "rf_tool": "search_paper_text"}
{"ts": "2026-09-30T09:32:15.229963+00:00", "level": "info", "logger": "researchforge.research", "msg": "[RESEARCH] tool_invocation action=READ tool=record_paper_analysis", "rf_action": "READ", "rf_tool": "record_paper_analysis"}
{"ts": "2026-09-30T09:32:18.116156+00:00", "level": "info", "logger": "researchforge.research", "msg": "[RESEARCH] tool_invocation action=CRITIQUE tool=search_paper_text", "rf_action": "CRITIQUE", "rf_tool": "search_paper_text"}
{"ts": "2026-09-30T09:32:20.112572+00:00", "level": "info", "logger": "researchforge.research", "msg": "[RESEARCH] tool_invocation action=READ tool=fetch_paper_text", "rf_action": "READ", "rf_tool": "fetch_paper_text"}
{"ts": "2026-09-30T09:32:23.595802+00:00", "level": "info", "logger": "researchforge.research", "msg": "[RESEARCH] tool_invocation action=CRITIQUE tool=search_paper_text", "rf_action": "CRITIQUE", "rf_tool": "search_paper_text"}
{"ts": "2026-09-30T09:32:25.545864+00:00", "level": "info", "logger": "researchforge.research", "msg": "[RESEARCH] tool_invocation action=READ tool=search_paper_text", "rf_action": "READ", "rf_tool": "search_paper_text"}
{"ts": "2026-09-30T09:32:30.899307+00:00", "level": "info", "logger": "researchforge.research", "msg": "[RESEARCH] tool_invocation action=CRITIQUE tool=search_paper_text", "rf_action": "CRITIQUE", "rf_tool": "search_paper_text"}
{"ts": "2026-09-30T09:32:38.366685+00:00", "level": "info", "logger": "researchforge.research", "msg": "[RESEARCH] tool_invocation action=READ tool=search_paper_text", "rf_action": "READ", "rf_tool": "search_paper_text"}
{"ts": "2026-09-30T09:32:43.022247+00:00", "level": "info", "logger": "researchforge.research", "msg": "[RESEARCH] tool_invocation action=CRITIQUE tool=record_claim", "rf_action": "CRITIQUE", "rf_tool": "record_claim"}
{"ts": "2026-09-30T09:32:45.239492+00:00", "level": "info", "logger": "researchforge.research", "msg": "[RESEARCH] tool_invocation action=READ tool=search_paper_text", "rf_action": "READ", "rf_tool": "search_paper_text"}
{"ts": "2026-09-30T09:32:47.722650+00:00", "level": "info", "logger": "researchforge.research", "msg": "[RESEARCH] tool_invocation action=CRITIQUE tool=search_paper_text", "rf_action": "CRITIQUE", "rf_tool": "search_paper_text"}
{"ts": "2026-09-30T09:32:50.239591+00:00", "level": "info", "logger": "researchforge.research", "msg": "[RESEARCH] tool_invocation action=READ tool=search_paper_text", "rf_action": "READ", "rf_tool": "search_paper_text"}
{"ts": "2026-09-30T09:32:52.685702+00:00", "level": "info", "logger": "researchforge.research", "msg": "[RESEARCH] tool_invocation action=CRITIQUE tool=search_paper_text", "rf_action": "CRITIQUE", "rf_tool": "search_paper_text"}
{"ts": "2026-09-30T09:32:55.328464+00:00", "level": "info", "logger": "researchforge.research", "msg": "[RESEARCH] tool_invocation action=READ tool=search_paper_text", "rf_action": "READ", "rf_tool": "search_paper_text"}
{"ts": "2026-09-30T09:32:59.363002+00:00", "level": "info", "logger": "researchforge.research", "msg": "[RESEARCH] tool_invocation action=CRITIQUE tool=search_paper_text", "rf_action": "CRITIQUE", "rf_tool": "search_paper_text"}
{"ts": "2026-09-30T09:33:03.445477+00:00", "level": "info", "logger": "researchforge.research", "msg": "[RESEARCH] tool_invocation action=READ tool=search_paper_text", "rf_action": "READ", "rf_tool": "search_paper_text"}
{"ts": "2026-09-30T09:33:06.372286+00:00", "level": "info", "logger": "researchforge.research", "msg": "[RESEARCH] tool_invocation action=CRITIQUE tool=search_paper_text", "rf_action": "CRITIQUE", "rf_tool": "search_paper_text"}
{"ts": "2026-09-30T09:33:08.779031+00:00", "level": "info", "logger": "researchforge.research", "msg": "[RESEARCH] tool_invocation action=READ tool=search_paper_text", "rf_action": "READ", "rf_tool": "search_paper_text"}
{"ts": "2026-09-30T09:33:11.067027+00:00", "level": "info", "logger": "researchforge.research", "msg": "[RESEARCH] tool_invocation action=CRITIQUE tool=search_paper_text", "rf_action": "CRITIQUE", "rf_tool": "search_paper_text"}
{"ts": "2026-09-30T09:33:13.357953+00:00", "level": "info", "logger": "researchforge.research", "msg": "[RESEARCH] tool_invocation action=READ tool=search_paper_text", "rf_action": "READ", "rf_tool": "search_paper_text"}
{"ts": "2026-09-30T09:33:16.552494+00:00", "level": "info", "logger": "researchforge.research", "msg": "[RESEARCH] tool_invocation action=CRITIQUE tool=record_claim", "rf_action": "CRITIQUE", "rf_tool": "record_claim"}
{"ts": "2026-09-30T09:33:19.219767+00:00", "level": "info", "logger": "researchforge.research", "msg": "[RESEARCH] tool_invocation action=READ tool=search_paper_text", "rf_action": "READ", "rf_tool": "search_paper_text"}
{"ts": "2026-09-30T09:33:23.956899+00:00", "level": "info", "logger": "researchforge.research", "msg": "[RESEARCH] tool_invocation action=CRITIQUE tool=search_paper_text", "rf_action": "CRITIQUE", "rf_tool": "search_paper_text"}
{"ts": "2026-09-30T09:33:26.688259+00:00", "level": "info", "logger": "researchforge.research", "msg": "[RESEARCH] tool_invocation action=READ tool=search_paper_text", "rf_action": "READ", "rf_tool": "search_paper_text"}
{"ts": "2026-09-30T09:33:29.461456+00:00", "level": "info", "logger": "researchforge.research", "msg": "[RESEARCH] tool_invocation action=CRITIQUE tool=search_paper_text", "rf_action": "CRITIQUE", "rf_tool": "search_paper_text"}
{"ts": "2026-09-30T09:33:33.946263+00:00", "level": "info", "logger": "researchforge.research", "msg": "[RESEARCH] tool_invocation action=READ tool=search_paper_text", "rf_action": "READ", "rf_tool": "search_paper_text"}
{"ts": "2026-09-30T09:33:37.791569+00:00", "level": "info", "logger": "researchforge.research", "msg": "[RESEARCH] tool_invocation action=CRITIQUE tool=search_paper_text", "rf_action": "CRITIQUE", "rf_tool": "search_paper_text"}
{"ts": "2026-09-30T09:33:43.882014+00:00", "level": "info", "logger": "researchforge.research", "msg": "[RESEARCH] tool_invocation action=READ tool=search_paper_text", "rf_action": "READ", "rf_tool": "search_paper_text"}
{"ts": "2026-09-30T09:33:46.462619+00:00", "level": "info", "logger": "researchforge.research", "msg": "[RESEARCH] tool_invocation action=CRITIQUE tool=search_paper_text", "rf_action": "CRITIQUE", "rf_tool": "search_paper_text"}
{"ts": "2026-09-30T09:33:49.338562+00:00", "level": "info", "logger": "researchforge.research", "msg": "[RESEARCH] tool_invocation action=READ tool=search_paper_text", "rf_action": "READ", "rf_tool": "search_paper_text"}
{"ts": "2026-09-30T09:33:53.978736+00:00", "level": "info", "logger": "researchforge.research", "msg": "[RESEARCH] tool_invocation action=CRITIQUE tool=search_paper_text", "rf_action": "CRITIQUE", "rf_tool": "search_paper_text"}
{"ts": "2026-09-30T09:33:56.564226+00:00", "level": "info", "logger": "researchforge.research", "msg": "[RESEARCH] tool_invocation action=READ tool=search_paper_text", "rf_action": "READ", "rf_tool": "search_paper_text"}
{"ts": "2026-09-30T09:33:58.950042+00:00", "level": "info", "logger": "researchforge.research", "msg": "[RESEARCH] tool_invocation action=CRITIQUE tool=search_paper_text", "rf_action": "CRITIQUE", "rf_tool": "search_paper_text"}
{"ts": "2026-09-30T09:34:02.635768+00:00", "level": "info", "logger": "researchforge.research", "msg": "[RESEARCH] tool_invocation action=READ tool=search_paper_text", "rf_action": "READ", "rf_tool": "search_paper_text"}
{"ts": "2026-09-30T09:34:04.780099+00:00", "level": "info", "logger": "researchforge.research", "msg": "[RESEARCH] tool_invocation action=CRITIQUE tool=search_paper_text", "rf_action": "CRITIQUE", "rf_tool": "search_paper_text"}
{"ts": "2026-09-30T09:34:07.468896+00:00", "level": "info", "logger": "researchforge.research", "msg": "[RESEARCH] tool_invocation action=READ tool=search_paper_text", "rf_action": "READ", "rf_tool": "search_paper_text"}
{"ts": "2026-09-30T09:34:10.053318+00:00", "level": "info", "logger": "researchforge.research", "msg": "[RESEARCH] tool_invocation action=CRITIQUE tool=get_paper", "rf_action": "CRITIQUE", "rf_tool": "get_paper"}
{"ts": "2026-09-30T09:34:23.867082+00:00", "level": "info", "logger": "researchforge.research", "msg": "[RESEARCH] tool_invocation action=READ tool=record_paper_analysis", "rf_action": "READ", "rf_tool": "record_paper_analysis"}
{"ts": "2026-09-30T09:34:28.253138+00:00", "level": "info", "logger": "researchforge.research", "msg": "[RESEARCH] tool_invocation action=CRITIQUE tool=search_paper_text", "rf_action": "CRITIQUE", "rf_tool": "search_paper_text"}
{"ts": "2026-09-30T09:34:31.181646+00:00", "level": "info", "logger": "researchforge.research", "msg": "[RESEARCH] tool_invocation action=READ tool=fetch_paper_text", "rf_action": "READ", "rf_tool": "fetch_paper_text"}
{"ts": "2026-09-30T09:34:33.563850+00:00", "level": "info", "logger": "researchforge.research", "msg": "[RESEARCH] tool_invocation action=CRITIQUE tool=search_paper_text", "rf_action": "CRITIQUE", "rf_tool": "search_paper_text"}
{"ts": "2026-09-30T09:34:39.100140+00:00", "level": "info", "logger": "researchforge.research", "msg": "[RESEARCH] tool_invocation action=READ tool=get_paper", "rf_action": "READ", "rf_tool": "get_paper"}
{"ts": "2026-09-30T09:34:46.163094+00:00", "level": "info", "logger": "researchforge.research", "msg": "[RESEARCH] tool_invocation action=CRITIQUE tool=search_paper_text", "rf_action": "CRITIQUE", "rf_tool": "search_paper_text"}
{"ts": "2026-09-30T09:34:59.795681+00:00", "level": "info", "logger": "researchforge.research", "msg": "[RESEARCH] tool_invocation action=READ tool=search_papers", "rf_action": "READ", "rf_tool": "search_papers"}
{"ts": "2026-09-30T09:35:04.230726+00:00", "level": "info", "logger": "researchforge.research", "msg": "[RESEARCH] tool_invocation action=CRITIQUE tool=search_paper_text", "rf_action": "CRITIQUE", "rf_tool": "search_paper_text"}
{"ts": "2026-09-30T09:35:10.758223+00:00", "level": "info", "logger": "researchforge.research", "msg": "[RESEARCH] tool_invocation action=READ tool=get_paper", "rf_action": "READ", "rf_tool": "get_paper"}
{"ts": "2026-09-30T09:35:19.072352+00:00", "level": "info", "logger": "researchforge.research", "msg": "[RESEARCH] tool_invocation action=READ tool=fetch_paper_text", "rf_action": "READ", "rf_tool": "fetch_paper_text"}
{"ts": "2026-09-30T09:35:21.579491+00:00", "level": "info", "logger": "researchforge.research", "msg": "[RESEARCH] tool_invocation action=CRITIQUE tool=search_paper_text", "rf_action": "CRITIQUE", "rf_tool": "search_paper_text"}
{"ts": "2026-09-30T09:35:25.308009+00:00", "level": "info", "logger": "researchforge.research", "msg": "[RESEARCH] tool_invocation action=READ tool=fetch_paper_text", "rf_action": "READ", "rf_tool": "fetch_paper_text"}
{"ts": "2026-09-30T09:35:32.547465+00:00", "level": "info", "logger": "researchforge.research", "msg": "[RESEARCH] tool_invocation action=CRITIQUE tool=search_paper_text", "rf_action": "CRITIQUE", "rf_tool": "search_paper_text"}
{"ts": "2026-09-30T09:35:37.834878+00:00", "level": "info", "logger": "researchforge.research", "msg": "[RESEARCH] tool_invocation action=READ tool=search_paper_text", "rf_action": "READ", "rf_tool": "search_paper_text"}
{"ts": "2026-09-30T09:35:39.951982+00:00", "level": "info", "logger": "researchforge.research", "msg": "[RESEARCH] tool_invocation action=CRITIQUE tool=search_paper_text", "rf_action": "CRITIQUE", "rf_tool": "search_paper_text"}
{"ts": "2026-09-30T09:35:46.252344+00:00", "level": "info", "logger": "researchforge.research", "msg": "[RESEARCH] tool_invocation action=READ tool=search_paper_text", "rf_action": "READ", "rf_tool": "search_paper_text"}
{"ts": "2026-09-30T09:35:58.799443+00:00", "level": "info", "logger": "researchforge.research", "msg": "[RESEARCH] tool_invocation action=CRITIQUE tool=search_paper_text", "rf_action": "CRITIQUE", "rf_tool": "search_paper_text"}
{"ts": "2026-09-30T09:36:01.439554+00:00", "level": "info", "logger": "researchforge.research", "msg": "[RESEARCH] tool_invocation action=READ tool=search_paper_text", "rf_action": "READ", "rf_tool": "search_paper_text"}
{"ts": "2026-09-30T09:36:05.304171+00:00", "level": "info", "logger": "researchforge.research", "msg": "[RESEARCH] tool_invocation action=CRITIQUE tool=search_paper_text", "rf_action": "CRITIQUE", "rf_tool": "search_paper_text"}
{"ts": "2026-09-30T09:36:14.237600+00:00", "level": "info", "logger": "researchforge.research", "msg": "[RESEARCH] tool_invocation action=READ tool=search_paper_text", "rf_action": "READ", "rf_tool": "search_paper_text"}
{"ts": "2026-09-30T09:36:18.416256+00:00", "level": "info", "logger": "researchforge.research", "msg": "[RESEARCH] tool_invocation action=CRITIQUE tool=record_claim", "rf_action": "CRITIQUE", "rf_tool": "record_claim"}
{"ts": "2026-09-30T09:36:20.482346+00:00", "level": "info", "logger": "researchforge.research", "msg": "[RESEARCH] tool_invocation action=READ tool=search_paper_text", "rf_action": "READ", "rf_tool": "search_paper_text"}
{"ts": "2026-09-30T09:36:24.549093+00:00", "level": "info", "logger": "researchforge.research", "msg": "[RESEARCH] tool_invocation action=CRITIQUE tool=record_claim", "rf_action": "CRITIQUE", "rf_tool": "record_claim"}
{"ts": "2026-09-30T09:36:27.659071+00:00", "level": "info", "logger": "researchforge.research", "msg": "[RESEARCH] tool_invocation action=READ tool=search_paper_text", "rf_action": "READ", "rf_tool": "search_paper_text"}
{"ts": "2026-09-30T09:36:31.357898+00:00", "level": "info", "logger": "researchforge.research", "msg": "[RESEARCH] tool_invocation action=CRITIQUE tool=search_paper_text", "rf_action": "CRITIQUE", "rf_tool": "search_paper_text"}
{"ts": "2026-09-30T09:36:33.469265+00:00", "level": "info", "logger": "researchforge.research", "msg": "[RESEARCH] tool_invocation action=READ tool=search_paper_text", "rf_action": "READ", "rf_tool": "search_paper_text"}
{"ts": "2026-09-30T09:36:36.831173+00:00", "level": "info", "logger": "researchforge.research", "msg": "[RESEARCH] tool_invocation action=CRITIQUE tool=search_paper_text", "rf_action": "CRITIQUE", "rf_tool": "search_paper_text"}
{"ts": "2026-09-30T09:36:44.888203+00:00", "level": "info", "logger": "researchforge.research", "msg": "[RESEARCH] tool_invocation action=READ tool=record_paper_analysis", "rf_action": "READ", "rf_tool": "record_paper_analysis"}
{"ts": "2026-09-30T09:36:48.860020+00:00", "level": "info", "logger": "researchforge.research", "msg": "[RESEARCH] tool_invocation action=CRITIQUE tool=record_claim", "rf_action": "CRITIQUE", "rf_tool": "record_claim"}
{"ts": "2026-09-30T09:37:02.652904+00:00", "level": "info", "logger": "researchforge.research", "msg": "[RESEARCH] tool_invocation action=READ tool=get_paper", "rf_action": "READ", "rf_tool": "get_paper"}
{"ts": "2026-09-30T09:37:06.691041+00:00", "level": "info", "logger": "researchforge.research", "msg": "[RESEARCH] tool_invocation action=CRITIQUE tool=search_paper_text", "rf_action": "CRITIQUE", "rf_tool": "search_paper_text"}
{"ts": "2026-09-30T09:37:09.365237+00:00", "level": "info", "logger": "researchforge.research", "msg": "[RESEARCH] tool_invocation action=READ tool=fetch_paper_text", "rf_action": "READ", "rf_tool": "fetch_paper_text"}
{"ts": "2026-09-30T09:37:13.291876+00:00", "level": "info", "logger": "researchforge.research", "msg": "[RESEARCH] tool_invocation action=CRITIQUE tool=search_paper_text", "rf_action": "CRITIQUE", "rf_tool": "search_paper_text"}
{"ts": "2026-09-30T09:37:20.812368+00:00", "level": "info", "logger": "researchforge.research", "msg": "[RESEARCH] tool_invocation action=READ tool=search_paper_text", "rf_action": "READ", "rf_tool": "search_paper_text"}
{"ts": "2026-09-30T09:37:23.062449+00:00", "level": "info", "logger": "researchforge.research", "msg": "[RESEARCH] tool_invocation action=CRITIQUE tool=search_paper_text", "rf_action": "CRITIQUE", "rf_tool": "search_paper_text"}
{"ts": "2026-09-30T09:37:28.570005+00:00", "level": "info", "logger": "researchforge.research", "msg": "[RESEARCH] tool_invocation action=READ tool=search_paper_text", "rf_action": "READ", "rf_tool": "search_paper_text"}
{"ts": "2026-09-30T09:37:32.887853+00:00", "level": "info", "logger": "researchforge.research", "msg": "[RESEARCH] tool_invocation action=CRITIQUE tool=record_claim", "rf_action": "CRITIQUE", "rf_tool": "record_claim"}
{"ts": "2026-09-30T09:37:35.478613+00:00", "level": "info", "logger": "researchforge.research", "msg": "[RESEARCH] tool_invocation action=READ tool=search_paper_text", "rf_action": "READ", "rf_tool": "search_paper_text"}
{"ts": "2026-09-30T09:37:51.952741+00:00", "level": "info", "logger": "researchforge.research", "msg": "[RESEARCH] tool_invocation action=CRITIQUE tool=record_critique", "rf_action": "CRITIQUE", "rf_tool": "record_critique"}
{"ts": "2026-09-30T09:37:55.698254+00:00", "level": "info", "logger": "researchforge.research", "msg": "[RESEARCH] tool_invocation action=READ tool=search_paper_text", "rf_action": "READ", "rf_tool": "search_paper_text"}
{"ts": "2026-09-30T09:37:59.709742+00:00", "level": "info", "logger": "researchforge.research", "msg": "[RESEARCH] tool_invocation action=CRITIQUE tool=update_uncertainty", "rf_action": "CRITIQUE", "rf_tool": "update_uncertainty"}
{"ts": "2026-09-30T09:38:02.390954+00:00", "level": "info", "logger": "researchforge.research", "msg": "[RESEARCH] tool_invocation action=READ tool=search_paper_text", "rf_action": "READ", "rf_tool": "search_paper_text"}
{"ts": "2026-09-30T09:38:06.520499+00:00", "level": "info", "logger": "researchforge.research", "msg": "[RESEARCH] tool_invocation action=CRITIQUE tool=search_paper_text", "rf_action": "CRITIQUE", "rf_tool": "search_paper_text"}
{"ts": "2026-09-30T09:38:08.532940+00:00", "level": "info", "logger": "researchforge.research", "msg": "[RESEARCH] tool_invocation action=READ tool=search_paper_text", "rf_action": "READ", "rf_tool": "search_paper_text"}
{"ts": "2026-09-30T09:38:11.911758+00:00", "level": "info", "logger": "researchforge.research", "msg": "[RESEARCH] tool_invocation action=CRITIQUE tool=search_paper_text", "rf_action": "CRITIQUE", "rf_tool": "search_paper_text"}
{"ts": "2026-09-30T09:38:14.412045+00:00", "level": "info", "logger": "researchforge.research", "msg": "[RESEARCH] tool_invocation action=READ tool=search_paper_text", "rf_action": "READ", "rf_tool": "search_paper_text"}
{"ts": "2026-09-30T09:38:16.384457+00:00", "level": "info", "logger": "researchforge.research", "msg": "[RESEARCH] tool_invocation action=CRITIQUE tool=search_paper_text", "rf_action": "CRITIQUE", "rf_tool": "search_paper_text"}
{"ts": "2026-09-30T09:38:18.994610+00:00", "level": "info", "logger": "researchforge.research", "msg": "[RESEARCH] tool_invocation action=READ tool=search_paper_text", "rf_action": "READ", "rf_tool": "search_paper_text"}
{"ts": "2026-09-30T09:38:23.359648+00:00", "level": "info", "logger": "researchforge.research", "msg": "[RESEARCH] tool_invocation action=CRITIQUE tool=search_paper_text", "rf_action": "CRITIQUE", "rf_tool": "search_paper_text"}
{"ts": "2026-09-30T09:38:29.930577+00:00", "level": "info", "logger": "researchforge.research", "msg": "[RESEARCH] tool_invocation action=READ tool=search_paper_text", "rf_action": "READ", "rf_tool": "search_paper_text"}
{"ts": "2026-09-30T09:38:32.958174+00:00", "level": "info", "logger": "researchforge.research", "msg": "[RESEARCH] tool_invocation action=CRITIQUE tool=search_paper_text", "rf_action": "CRITIQUE", "rf_tool": "search_paper_text"}
{"ts": "2026-09-30T09:38:36.332568+00:00", "level": "info", "logger": "researchforge.research", "msg": "[RESEARCH] tool_invocation action=READ tool=search_paper_text", "rf_action": "READ", "rf_tool": "search_paper_text"}
{"ts": "2026-09-30T09:38:40.985531+00:00", "level": "info", "logger": "researchforge.research", "msg": "[RESEARCH] tool_invocation action=CRITIQUE tool=update_uncertainty", "rf_action": "CRITIQUE", "rf_tool": "update_uncertainty"}
{"ts": "2026-09-30T09:38:45.672670+00:00", "level": "info", "logger": "researchforge.research", "msg": "[RESEARCH] tool_invocation action=READ tool=search_paper_text", "rf_action": "READ", "rf_tool": "search_paper_text"}
{"ts": "2026-09-30T09:38:48.679460+00:00", "level": "info", "logger": "researchforge.research", "msg": "[RESEARCH] tool_invocation action=CRITIQUE tool=update_uncertainty", "rf_action": "CRITIQUE", "rf_tool": "update_uncertainty"}
{"ts": "2026-09-30T09:38:51.415648+00:00", "level": "info", "logger": "researchforge.research", "msg": "[RESEARCH] tool_invocation action=READ tool=search_paper_text", "rf_action": "READ", "rf_tool": "search_paper_text"}
{"ts": "2026-09-30T09:38:56.941599+00:00", "level": "info", "logger": "researchforge.research", "msg": "[RESEARCH] tool_invocation action=CRITIQUE tool=update_uncertainty", "rf_action": "CRITIQUE", "rf_tool": "update_uncertainty"}
{"ts": "2026-09-30T09:38:59.320743+00:00", "level": "info", "logger": "researchforge.research", "msg": "[RESEARCH] tool_invocation action=READ tool=search_paper_text", "rf_action": "READ", "rf_tool": "search_paper_text"}
{"ts": "2026-09-30T09:39:06.213908+00:00", "level": "info", "logger": "researchforge.research", "msg": "[RESEARCH] tool_invocation action=CRITIQUE tool=update_uncertainty", "rf_action": "CRITIQUE", "rf_tool": "update_uncertainty"}
{"ts": "2026-09-30T09:39:08.390929+00:00", "level": "info", "logger": "researchforge.research", "msg": "[RESEARCH] tool_invocation action=READ tool=search_paper_text", "rf_action": "READ", "rf_tool": "search_paper_text"}
{"ts": "2026-09-30T09:39:14.613180+00:00", "level": "info", "logger": "researchforge.research", "msg": "[RESEARCH] uncertainty_status uncertainty=U001 before=open after=resolved verdict=", "rf_uncertainty": "U001", "rf_before": "open", "rf_after": "resolved", "rf_verdict": ""}
{"ts": "2026-09-30T09:39:14.613226+00:00", "level": "info", "logger": "researchforge.research", "msg": "[RESEARCH] uncertainty_status uncertainty=U002 before=open after=partially_resolved verdict=", "rf_uncertainty": "U002", "rf_before": "open", "rf_after": "partially_resolved", "rf_verdict": ""}
{"ts": "2026-09-30T09:39:14.613243+00:00", "level": "info", "logger": "researchforge.research", "msg": "[RESEARCH] uncertainty_status uncertainty=U003 before=open after=partially_resolved verdict=", "rf_uncertainty": "U003", "rf_before": "open", "rf_after": "partially_resolved", "rf_verdict": ""}
{"ts": "2026-09-30T09:39:14.613255+00:00", "level": "info", "logger": "researchforge.research", "msg": "[RESEARCH] uncertainty_status uncertainty=U004 before=open after=partially_resolved verdict=", "rf_uncertainty": "U004", "rf_before": "open", "rf_after": "partially_resolved", "rf_verdict": ""}
{"ts": "2026-09-30T09:39:14.613266+00:00", "level": "info", "logger": "researchforge.research", "msg": "[RESEARCH] uncertainty_status uncertainty=U005 before=open after=partially_resolved verdict=", "rf_uncertainty": "U005", "rf_before": "open", "rf_after": "partially_resolved", "rf_verdict": ""}
{"ts": "2026-09-30T09:39:14.618182+00:00", "level": "info", "logger": "researchforge.research", "msg": "[RESEARCH] result action=CRITIQUE progressed=True info_gain=6.0 tools=get_paper,record_claim,record_critique,search_paper_text,update_uncertainty outcome=\"+4 claims; +3 verified claims; +1 resolved uncertainties; critique recorded; uncertainties updated: U001, U002, U003, U0\" papers=26 open_uncertainties=4", "rf_action": "CRITIQUE", "rf_progressed": true, "rf_info_gain": 6.0, "rf_tools": "get_paper,record_claim,record_critique,search_paper_text,update_uncertainty", "rf_outcome": "+4 claims; +3 verified claims; +1 resolved uncertainties; critique recorded; uncertainties updated: U001, U002, U003, U004, U005", "rf_papers": 26, "rf_open_uncertainties": 4}
{"ts": "2026-09-30T09:39:14.619251+00:00", "level": "info", "logger": "researchforge.research", "msg": "[RESEARCH] uncertainty_added uncertainty=U006 importance=high category=contradiction raised_by=controller question=\"Does published work contradict the current assessment: The proposed idea may differ in the specific formulation of the t\"", "rf_uncertainty": "U006", "rf_importance": "high", "rf_category": "contradiction", "rf_raised_by": "controller", "rf_question": "Does published work contradict the current assessment: The proposed idea may differ in the specific formulation of the temporal relevance score (e.g., weighting scheme, handling of retroactive amendments) and benchmark construction (focus on real-world versus synthetic regulatory texts), but these d"}
{"ts": "2026-09-30T09:39:14.625162+00:00", "level": "info", "logger": "researchforge.research", "msg": "[RESEARCH] decision phase=CHALLENGE action=CHALLENGE focus=\"U006: Does published work contradict the current assessment: The proposed idea may differ in the specific formulation of\" reason=\"The critique's assessment has not been challenged yet (U006); look for published work that contradicts it before investi\" iteration=6 open_uncertainties=5 candidates=", "rf_phase": "CHALLENGE", "rf_action": "CHALLENGE", "rf_focus": "U006: Does published work contradict the current assessment: The proposed idea may differ in the specific formulation of the temporal relevance score (e.g., weighting scheme, handling of retroactive amendments) and benchmark construction (focus on real-world versus synthetic regulatory texts), but t", "rf_reason": "The critique's assessment has not been challenged yet (U006); look for published work that contradicts it before investing in anything that builds on it.", "rf_iteration": 6, "rf_open_uncertainties": 5, "rf_candidates": ""}
{"ts": "2026-09-30T09:39:27.250129+00:00", "level": "info", "logger": "researchforge.research", "msg": "[RESEARCH] tool_invocation action=READ tool=record_paper_analysis", "rf_action": "READ", "rf_tool": "record_paper_analysis"}
{"ts": "2026-09-30T09:39:31.781614+00:00", "level": "info", "logger": "researchforge.research", "msg": "[RESEARCH] tool_invocation action=CHALLENGE tool=search_papers", "rf_action": "CHALLENGE", "rf_tool": "search_papers"}
{"ts": "2026-09-30T09:39:34.003079+00:00", "level": "info", "logger": "researchforge.research", "msg": "[RESEARCH] tool_invocation action=READ tool=get_paper", "rf_action": "READ", "rf_tool": "get_paper"}
{"ts": "2026-09-30T09:39:36.908783+00:00", "level": "info", "logger": "researchforge.research", "msg": "[RESEARCH] tool_invocation action=READ tool=fetch_paper_text", "rf_action": "READ", "rf_tool": "fetch_paper_text"}
{"ts": "2026-09-30T09:39:42.961049+00:00", "level": "info", "logger": "researchforge.research", "msg": "[RESEARCH] tool_invocation action=READ tool=search_paper_text", "rf_action": "READ", "rf_tool": "search_paper_text"}
{"ts": "2026-09-30T09:39:51.912050+00:00", "level": "info", "logger": "researchforge.research", "msg": "[RESEARCH] tool_invocation action=READ tool=search_paper_text", "rf_action": "READ", "rf_tool": "search_paper_text"}
{"ts": "2026-09-30T09:39:54.419178+00:00", "level": "info", "logger": "researchforge.research", "msg": "[RESEARCH] tool_invocation action=READ tool=search_paper_text", "rf_action": "READ", "rf_tool": "search_paper_text"}
{"ts": "2026-09-30T09:39:57.983242+00:00", "level": "info", "logger": "researchforge.research", "msg": "[RESEARCH] tool_invocation action=READ tool=search_paper_text", "rf_action": "READ", "rf_tool": "search_paper_text"}
{"ts": "2026-09-30T09:40:01.263626+00:00", "level": "info", "logger": "researchforge.research", "msg": "[RESEARCH] tool_invocation action=READ tool=search_paper_text", "rf_action": "READ", "rf_tool": "search_paper_text"}
{"ts": "2026-09-30T09:40:05.567627+00:00", "level": "info", "logger": "researchforge.research", "msg": "[RESEARCH] tool_invocation action=CHALLENGE tool=search_papers", "rf_action": "CHALLENGE", "rf_tool": "search_papers"}
{"ts": "2026-09-30T09:40:13.911802+00:00", "level": "info", "logger": "researchforge.research", "msg": "[RESEARCH] tool_invocation action=READ tool=search_paper_text", "rf_action": "READ", "rf_tool": "search_paper_text"}
{"ts": "2026-09-30T09:40:16.321710+00:00", "level": "info", "logger": "researchforge.research", "msg": "[RESEARCH] tool_invocation action=READ tool=search_paper_text", "rf_action": "READ", "rf_tool": "search_paper_text"}
{"ts": "2026-09-30T09:40:19.088221+00:00", "level": "info", "logger": "researchforge.research", "msg": "[RESEARCH] tool_invocation action=READ tool=search_paper_text", "rf_action": "READ", "rf_tool": "search_paper_text"}
{"ts": "2026-09-30T09:40:24.207896+00:00", "level": "info", "logger": "researchforge.research", "msg": "[RESEARCH] tool_invocation action=READ tool=search_paper_text", "rf_action": "READ", "rf_tool": "search_paper_text"}
{"ts": "2026-09-30T09:40:29.778776+00:00", "level": "info", "logger": "researchforge.research", "msg": "[RESEARCH] tool_invocation action=READ tool=search_paper_text", "rf_action": "READ", "rf_tool": "search_paper_text"}
{"ts": "2026-09-30T09:40:36.396866+00:00", "level": "info", "logger": "researchforge.research", "msg": "[RESEARCH] tool_invocation action=READ tool=search_paper_text", "rf_action": "READ", "rf_tool": "search_paper_text"}
{"ts": "2026-09-30T09:40:39.762338+00:00", "level": "info", "logger": "researchforge.research", "msg": "[RESEARCH] tool_invocation action=CHALLENGE tool=search_papers", "rf_action": "CHALLENGE", "rf_tool": "search_papers"}
{"ts": "2026-09-30T09:40:43.936290+00:00", "level": "info", "logger": "researchforge.research", "msg": "[RESEARCH] tool_invocation action=READ tool=search_paper_text", "rf_action": "READ", "rf_tool": "search_paper_text"}
{"ts": "2026-09-30T09:40:47.860990+00:00", "level": "info", "logger": "researchforge.research", "msg": "[RESEARCH] tool_invocation action=READ tool=search_paper_text", "rf_action": "READ", "rf_tool": "search_paper_text"}
{"ts": "2026-09-30T09:40:50.803346+00:00", "level": "info", "logger": "researchforge.research", "msg": "[RESEARCH] tool_invocation action=READ tool=search_paper_text", "rf_action": "READ", "rf_tool": "search_paper_text"}
{"ts": "2026-09-30T09:40:54.090441+00:00", "level": "info", "logger": "researchforge.research", "msg": "[RESEARCH] tool_invocation action=READ tool=search_paper_text", "rf_action": "READ", "rf_tool": "search_paper_text"}
{"ts": "2026-09-30T09:41:13.182936+00:00", "level": "info", "logger": "researchforge.research", "msg": "[RESEARCH] tool_invocation action=READ tool=record_paper_analysis", "rf_action": "READ", "rf_tool": "record_paper_analysis"}
{"ts": "2026-09-30T09:41:19.068496+00:00", "level": "info", "logger": "researchforge.research", "msg": "[RESEARCH] tool_invocation action=CHALLENGE tool=search_papers", "rf_action": "CHALLENGE", "rf_tool": "search_papers"}
{"ts": "2026-09-30T09:41:29.502831+00:00", "level": "info", "logger": "researchforge.research", "msg": "[RESEARCH] tool_invocation action=READ tool=list_papers", "rf_action": "READ", "rf_tool": "list_papers"}
{"ts": "2026-09-30T09:41:34.891956+00:00", "level": "info", "logger": "researchforge.research", "msg": "[RESEARCH] tool_invocation action=CHALLENGE tool=search_paper_text", "rf_action": "CHALLENGE", "rf_tool": "search_paper_text"}
{"ts": "2026-09-30T09:41:51.904656+00:00", "level": "info", "logger": "researchforge.research", "msg": "[RESEARCH] tool_invocation action=READ tool=record_paper_analysis", "rf_action": "READ", "rf_tool": "record_paper_analysis"}
{"ts": "2026-09-30T09:41:56.758891+00:00", "level": "info", "logger": "researchforge.research", "msg": "[RESEARCH] tool_invocation action=CHALLENGE tool=search_paper_text", "rf_action": "CHALLENGE", "rf_tool": "search_paper_text"}
{"ts": "2026-09-30T09:42:11.076925+00:00", "level": "info", "logger": "researchforge.research", "msg": "[RESEARCH] tool_invocation action=READ tool=update_uncertainty", "rf_action": "READ", "rf_tool": "update_uncertainty"}
{"ts": "2026-09-30T09:42:13.117321+00:00", "level": "info", "logger": "researchforge.research", "msg": "[RESEARCH] tool_invocation action=CHALLENGE tool=search_paper_text", "rf_action": "CHALLENGE", "rf_tool": "search_paper_text"}
{"ts": "2026-09-30T09:42:19.074816+00:00", "level": "info", "logger": "researchforge.research", "msg": "[RESEARCH] uncertainty_status uncertainty=U005 before=open after=partially_resolved verdict=", "rf_uncertainty": "U005", "rf_before": "open", "rf_after": "partially_resolved", "rf_verdict": ""}
{"ts": "2026-09-30T09:42:19.084856+00:00", "level": "info", "logger": "researchforge.research", "msg": "[RESEARCH] result action=READ progressed=True info_gain=3.0 tools=fetch_paper_text,get_paper,list_papers,record_paper_analysis,search_paper_text,search_papers,update_uncertainty outcome=\"+6 analyses; uncertainties updated: U005\" papers=101 open_uncertainties=4", "rf_action": "READ", "rf_progressed": true, "rf_info_gain": 3.0, "rf_tools": "fetch_paper_text,get_paper,list_papers,record_paper_analysis,search_paper_text,search_papers,update_uncertainty", "rf_outcome": "+6 analyses; uncertainties updated: U005", "rf_papers": 101, "rf_open_uncertainties": 4}
{"ts": "2026-09-30T09:42:19.091872+00:00", "level": "info", "logger": "researchforge.research", "msg": "[RESEARCH] decision phase=FINALIZE action=FINALIZE focus= reason=\"Stopping: tool-call budget reached (250).\" iteration=14 open_uncertainties=4 candidates=", "rf_phase": "FINALIZE", "rf_action": "FINALIZE", "rf_focus": "", "rf_reason": "Stopping: tool-call budget reached (250).", "rf_iteration": 14, "rf_open_uncertainties": 4, "rf_candidates": ""}
{"ts": "2026-09-30T09:42:19.111464+00:00", "level": "info", "logger": "researchforge.research", "msg": "[RESEARCH] research_decision decision=INSUFFICIENT_EVIDENCE basis=\"high-importance questions remain unresolved (U001, U002)\"", "rf_decision": "INSUFFICIENT_EVIDENCE", "rf_basis": "high-importance questions remain unresolved (U001, U002)"}
{"ts": "2026-09-30T09:42:19.155805+00:00", "level": "info", "logger": "researchforge.research", "msg": "[RESEARCH] finalized status=incomplete iterations=13 reason=\"Stopping: tool-call budget reached (250).\" missing=\"3 important open uncertainties (U001, U003, U004); research direction decision; experiment plan\" research_decision=INSUFFICIENT_EVIDENCE", "rf_status": "incomplete", "rf_iterations": 13, "rf_reason": "Stopping: tool-call budget reached (250).", "rf_missing": "3 important open uncertainties (U001, U003, U004); research direction decision; experiment plan", "rf_research_decision": "INSUFFICIENT_EVIDENCE"}
{"ts": "2026-09-30T09:42:19.170804+00:00", "level": "info", "logger": "researchforge.research", "msg": "[RESEARCH] decision phase=FORMALIZE action=FORMALIZE focus= reason=\"The idea has not been formalized into a testable research question.\" iteration=1 open_uncertainties=0 candidates=", "rf_phase": "FORMALIZE", "rf_action": "FORMALIZE", "rf_focus": "", "rf_reason": "The idea has not been formalized into a testable research question.", "rf_iteration": 1, "rf_open_uncertainties": 0, "rf_candidates": ""}
{"ts": "2026-09-30T09:42:24.873316+00:00", "level": "info", "logger": "researchforge.research", "msg": "[RESEARCH] tool_invocation action=CHALLENGE tool=search_paper_text", "rf_action": "CHALLENGE", "rf_tool": "search_paper_text"}
{"ts": "2026-09-30T09:42:52.134336+00:00", "level": "info", "logger": "researchforge.research", "msg": "[RESEARCH] tool_invocation action=FORMALIZE tool=search_papers", "rf_action": "FORMALIZE", "rf_tool": "search_papers"}
{"ts": "2026-09-30T09:43:02.333922+00:00", "level": "info", "logger": "researchforge.research", "msg": "[RESEARCH] tool_invocation action=CHALLENGE tool=search_paper_text", "rf_action": "CHALLENGE", "rf_tool": "search_paper_text"}
{"ts": "2026-09-30T09:43:14.563615+00:00", "level": "info", "logger": "researchforge.research", "msg": "[RESEARCH] tool_invocation action=CHALLENGE tool=search_paper_text", "rf_action": "CHALLENGE", "rf_tool": "search_paper_text"}
{"ts": "2026-09-30T09:43:18.207661+00:00", "level": "info", "logger": "researchforge.research", "msg": "[RESEARCH] tool_invocation action=CHALLENGE tool=search_paper_text", "rf_action": "CHALLENGE", "rf_tool": "search_paper_text"}
{"ts": "2026-09-30T09:43:21.171210+00:00", "level": "info", "logger": "researchforge.research", "msg": "[RESEARCH] tool_invocation action=CHALLENGE tool=search_paper_text", "rf_action": "CHALLENGE", "rf_tool": "search_paper_text"}
{"ts": "2026-09-30T09:43:23.034732+00:00", "level": "info", "logger": "researchforge.research", "msg": "[RESEARCH] tool_invocation action=FORMALIZE tool=get_paper", "rf_action": "FORMALIZE", "rf_tool": "get_paper"}
{"ts": "2026-09-30T09:43:25.945654+00:00", "level": "info", "logger": "researchforge.research", "msg": "[RESEARCH] tool_invocation action=CHALLENGE tool=search_paper_text", "rf_action": "CHALLENGE", "rf_tool": "search_paper_text"}
{"ts": "2026-09-30T09:43:28.876918+00:00", "level": "info", "logger": "researchforge.research", "msg": "[RESEARCH] tool_invocation action=FORMALIZE tool=get_paper", "rf_action": "FORMALIZE", "rf_tool": "get_paper"}
{"ts": "2026-09-30T09:43:31.404091+00:00", "level": "info", "logger": "researchforge.research", "msg": "[RESEARCH] tool_invocation action=CHALLENGE tool=search_paper_text", "rf_action": "CHALLENGE", "rf_tool": "search_paper_text"}
{"ts": "2026-09-30T09:43:56.707715+00:00", "level": "info", "logger": "researchforge.research", "msg": "[RESEARCH] tool_invocation action=FORMALIZE tool=record_idea_analysis", "rf_action": "FORMALIZE", "rf_tool": "record_idea_analysis"}
{"ts": "2026-09-30T09:44:01.179860+00:00", "level": "info", "logger": "researchforge.research", "msg": "[RESEARCH] tool_invocation action=CHALLENGE tool=record_claim", "rf_action": "CHALLENGE", "rf_tool": "record_claim"}
{"ts": "2026-09-30T09:44:04.601045+00:00", "level": "info", "logger": "researchforge.research", "msg": "[RESEARCH] result action=FORMALIZE progressed=True info_gain=3.0 tools=get_paper,record_idea_analysis,search_papers outcome=\"+13 papers; +1 searches; idea formalized\" papers=13 open_uncertainties=0", "rf_action": "FORMALIZE", "rf_progressed": true, "rf_info_gain": 3.0, "rf_tools": "get_paper,record_idea_analysis,search_papers", "rf_outcome": "+13 papers; +1 searches; idea formalized", "rf_papers": 13, "rf_open_uncertainties": 0}
{"ts": "2026-09-30T09:44:04.604128+00:00", "level": "info", "logger": "researchforge.research", "msg": "[RESEARCH] decision phase=PLAN action=PLAN focus= reason=\"No investigation plan exists yet, so it is unclear what must be determined.\" iteration=2 open_uncertainties=0 candidates=", "rf_phase": "PLAN", "rf_action": "PLAN", "rf_focus": "", "rf_reason": "No investigation plan exists yet, so it is unclear what must be determined.", "rf_iteration": 2, "rf_open_uncertainties": 0, "rf_candidates": ""}
{"ts": "2026-09-30T09:44:11.244101+00:00", "level": "info", "logger": "researchforge.research", "msg": "[RESEARCH] tool_invocation action=CHALLENGE tool=record_claim", "rf_action": "CHALLENGE", "rf_tool": "record_claim"}
{"ts": "2026-09-30T09:44:39.276718+00:00", "level": "info", "logger": "researchforge.research", "msg": "[RESEARCH] tool_invocation action=PLAN tool=record_investigation_plan", "rf_action": "PLAN", "rf_tool": "record_investigation_plan"}
{"ts": "2026-09-30T09:44:43.043926+00:00", "level": "info", "logger": "researchforge.research", "msg": "[RESEARCH] tool_invocation action=CHALLENGE tool=record_claim", "rf_action": "CHALLENGE", "rf_tool": "record_claim"}
{"ts": "2026-09-30T09:44:51.834983+00:00", "level": "info", "logger": "researchforge.research", "msg": "[RESEARCH] tool_invocation action=PLAN tool=record_uncertainty", "rf_action": "PLAN", "rf_tool": "record_uncertainty"}
{"ts": "2026-09-30T09:44:55.254612+00:00", "level": "info", "logger": "researchforge.research", "msg": "[RESEARCH] tool_invocation action=CHALLENGE tool=record_claim", "rf_action": "CHALLENGE", "rf_tool": "record_claim"}
{"ts": "2026-09-30T09:44:59.548237+00:00", "level": "info", "logger": "researchforge.research", "msg": "[RESEARCH] tool_invocation action=PLAN tool=record_uncertainty", "rf_action": "PLAN", "rf_tool": "record_uncertainty"}
{"ts": "2026-09-30T09:45:03.817677+00:00", "level": "info", "logger": "researchforge.research", "msg": "[RESEARCH] tool_invocation action=CHALLENGE tool=record_claim", "rf_action": "CHALLENGE", "rf_tool": "record_claim"}
{"ts": "2026-09-30T09:45:07.927732+00:00", "level": "info", "logger": "researchforge.research", "msg": "[RESEARCH] tool_invocation action=PLAN tool=record_uncertainty", "rf_action": "PLAN", "rf_tool": "record_uncertainty"}
{"ts": "2026-09-30T09:45:14.775206+00:00", "level": "info", "logger": "researchforge.research", "msg": "[RESEARCH] tool_invocation action=CHALLENGE tool=record_claim", "rf_action": "CHALLENGE", "rf_tool": "record_claim"}
{"ts": "2026-09-30T09:45:19.120162+00:00", "level": "info", "logger": "researchforge.research", "msg": "[RESEARCH] tool_invocation action=PLAN tool=record_uncertainty", "rf_action": "PLAN", "rf_tool": "record_uncertainty"}
{"ts": "2026-09-30T09:45:23.158766+00:00", "level": "info", "logger": "researchforge.research", "msg": "[RESEARCH] tool_invocation action=CHALLENGE tool=get_research_state", "rf_action": "CHALLENGE", "rf_tool": "get_research_state"}
{"ts": "2026-09-30T09:45:30.815773+00:00", "level": "info", "logger": "researchforge.research", "msg": "[RESEARCH] tool_invocation action=PLAN tool=mcp__mcp__researchforge__record_uncertainty", "rf_action": "PLAN", "rf_tool": "mcp__mcp__researchforge__record_uncertainty"}
{"ts": "2026-09-30T09:45:44.207131+00:00", "level": "info", "logger": "researchforge.research", "msg": "[RESEARCH] tool_invocation action=CHALLENGE tool=record_challenge_result", "rf_action": "CHALLENGE", "rf_tool": "record_challenge_result"}
{"ts": "2026-09-30T09:45:46.863868+00:00", "level": "info", "logger": "researchforge.research", "msg": "[RESEARCH] tool_invocation action=PLAN tool=record_uncertainty", "rf_action": "PLAN", "rf_tool": "record_uncertainty"}
{"ts": "2026-09-30T09:46:04.108260+00:00", "level": "info", "logger": "researchforge.research", "msg": "[RESEARCH] tool_invocation action=CHALLENGE tool=record_challenge_result", "rf_action": "CHALLENGE", "rf_tool": "record_challenge_result"}
{"ts": "2026-09-30T09:46:06.812548+00:00", "level": "info", "logger": "researchforge.research", "msg": "[RESEARCH] uncertainty_added uncertainty=U001 importance=high category=novelty raised_by=PLAN", "rf_uncertainty": "U001", "rf_importance": "high", "rf_category": "novelty", "rf_raised_by": "PLAN"}
{"ts": "2026-09-30T09:46:06.812601+00:00", "level": "info", "logger": "researchforge.research", "msg": "[RESEARCH] uncertainty_added uncertainty=U002 importance=high category=overlap raised_by=PLAN", "rf_uncertainty": "U002", "rf_importance": "high", "rf_category": "overlap", "rf_raised_by": "PLAN"}
{"ts": "2026-09-30T09:46:06.812622+00:00", "level": "info", "logger": "researchforge.research", "msg": "[RESEARCH] uncertainty_added uncertainty=U003 importance=medium category=feasibility raised_by=PLAN", "rf_uncertainty": "U003", "rf_importance": "medium", "rf_category": "feasibility", "rf_raised_by": "PLAN"}
{"ts": "2026-09-30T09:46:06.812638+00:00", "level": "info", "logger": "researchforge.research", "msg": "[RESEARCH] uncertainty_added uncertainty=U004 importance=high category=validity raised_by=PLAN", "rf_uncertainty": "U004", "rf_importance": "high", "rf_category": "validity", "rf_raised_by": "PLAN"}
{"ts": "2026-09-30T09:46:06.812653+00:00", "level": "info", "logger": "researchforge.research", "msg": "[RESEARCH] uncertainty_added uncertainty=U005 importance=medium category=confounder raised_by=PLAN", "rf_uncertainty": "U005", "rf_importance": "medium", "rf_category": "confounder", "rf_raised_by": "PLAN"}
{"ts": "2026-09-30T09:46:06.816320+00:00", "level": "info", "logger": "researchforge.research", "msg": "[RESEARCH] result action=PLAN progressed=True info_gain=1.0 tools=mcp__mcp__researchforge__record_uncertainty,record_investigation_plan,record_uncertainty outcome=\"+5 uncertainties; investigation plan recorded\" papers=13 open_uncertainties=5", "rf_action": "PLAN", "rf_progressed": true, "rf_info_gain": 1.0, "rf_tools": "mcp__mcp__researchforge__record_uncertainty,record_investigation_plan,record_uncertainty", "rf_outcome": "+5 uncertainties; investigation plan recorded", "rf_papers": 13, "rf_open_uncertainties": 5}
{"ts": "2026-09-30T09:46:06.822598+00:00", "level": "info", "logger": "researchforge.research", "msg": "[RESEARCH] decision phase=INVESTIGATE action=SEARCH focus=\"temporal relevance\" reason=\"Literature coverage is insufficient: at least 2 distinct search queries (have 1).\" iteration=3 open_uncertainties=5 candidates=", "rf_phase": "INVESTIGATE", "rf_action": "SEARCH", "rf_focus": "temporal relevance", "rf_reason": "Literature coverage is insufficient: at least 2 distinct search queries (have 1).", "rf_iteration": 3, "rf_open_uncertainties": 5, "rf_candidates": ""}
{"ts": "2026-09-30T09:46:10.472590+00:00", "level": "info", "logger": "researchforge.research", "msg": "[RESEARCH] uncertainty_status uncertainty=U006 before=open after=resolved verdict=holds", "rf_uncertainty": "U006", "rf_before": "open", "rf_after": "resolved", "rf_verdict": "holds"}
{"ts": "2026-09-30T09:46:10.483085+00:00", "level": "info", "logger": "researchforge.research", "msg": "[RESEARCH] result action=CHALLENGE progressed=True info_gain=5.0 tools=get_research_state,record_challenge_result,record_claim,search_paper_text,search_papers outcome=\"+66 papers; +3 searches; +2 claims; +1 verified claims; +1 resolved uncertainties; uncertainties updated: U006\" papers=92 open_uncertainties=4", "rf_action": "CHALLENGE", "rf_progressed": true, "rf_info_gain": 5.0, "rf_tools": "get_research_state,record_challenge_result,record_claim,search_paper_text,search_papers", "rf_outcome": "+66 papers; +3 searches; +2 claims; +1 verified claims; +1 resolved uncertainties; uncertainties updated: U006", "rf_papers": 92, "rf_open_uncertainties": 4}
{"ts": "2026-09-30T09:46:10.502128+00:00", "level": "info", "logger": "researchforge.research", "msg": "[RESEARCH] decision phase=CRITIQUE action=CRITIQUE focus= reason=\"66 papers arrived since the last critique.\" iteration=7 open_uncertainties=4 candidates=", "rf_phase": "CRITIQUE", "rf_action": "CRITIQUE", "rf_focus": "", "rf_reason": "66 papers arrived since the last critique.", "rf_iteration": 7, "rf_open_uncertainties": 4, "rf_candidates": ""}
{"ts": "2026-09-30T09:46:16.239003+00:00", "level": "info", "logger": "researchforge.research", "msg": "[RESEARCH] tool_invocation action=SEARCH tool=search_papers", "rf_action": "SEARCH", "rf_tool": "search_papers"}
{"ts": "2026-09-30T09:46:27.633481+00:00", "level": "info", "logger": "researchforge.research", "msg": "[RESEARCH] tool_invocation action=CRITIQUE tool=record_claim", "rf_action": "CRITIQUE", "rf_tool": "record_claim"}
{"ts": "2026-09-30T09:46:33.972845+00:00", "level": "info", "logger": "researchforge.research", "msg": "[RESEARCH] tool_invocation action=CRITIQUE tool=search_paper_text", "rf_action": "CRITIQUE", "rf_tool": "search_paper_text"}
{"ts": "2026-09-30T09:46:41.611424+00:00", "level": "info", "logger": "researchforge.research", "msg": "[RESEARCH] tool_invocation action=CRITIQUE tool=search_paper_text", "rf_action": "CRITIQUE", "rf_tool": "search_paper_text"}
{"ts": "2026-09-30T09:46:45.347944+00:00", "level": "info", "logger": "researchforge.research", "msg": "[RESEARCH] tool_invocation action=CRITIQUE tool=search_paper_text", "rf_action": "CRITIQUE", "rf_tool": "search_paper_text"}
{"ts": "2026-09-30T09:46:56.577436+00:00", "level": "info", "logger": "researchforge.research", "msg": "[RESEARCH] tool_invocation action=SEARCH tool=expand_citations", "rf_action": "SEARCH", "rf_tool": "expand_citations"}
{"ts": "2026-09-30T09:46:58.779666+00:00", "level": "info", "logger": "researchforge.research", "msg": "[RESEARCH] tool_invocation action=CRITIQUE tool=search_paper_text", "rf_action": "CRITIQUE", "rf_tool": "search_paper_text"}
{"ts": "2026-09-30T09:47:05.613068+00:00", "level": "info", "logger": "researchforge.research", "msg": "[RESEARCH] tool_invocation action=CRITIQUE tool=search_paper_text", "rf_action": "CRITIQUE", "rf_tool": "search_paper_text"}
{"ts": "2026-09-30T09:47:07.789028+00:00", "level": "info", "logger": "researchforge.research", "msg": "[RESEARCH] tool_invocation action=SEARCH tool=expand_citations", "rf_action": "SEARCH", "rf_tool": "expand_citations"}
{"ts": "2026-09-30T09:47:13.497219+00:00", "level": "info", "logger": "researchforge.research", "msg": "[RESEARCH] tool_invocation action=CRITIQUE tool=search_paper_text", "rf_action": "CRITIQUE", "rf_tool": "search_paper_text"}
{"ts": "2026-09-30T09:47:32.410666+00:00", "level": "info", "logger": "researchforge.research", "msg": "[RESEARCH] result action=SEARCH progressed=True info_gain=2.0 tools=expand_citations,search_papers outcome=\"+35 papers; +3 searches\" papers=48 open_uncertainties=5", "rf_action": "SEARCH", "rf_progressed": true, "rf_info_gain": 2.0, "rf_tools": "expand_citations,search_papers", "rf_outcome": "+35 papers; +3 searches", "rf_papers": 48, "rf_open_uncertainties": 5}
{"ts": "2026-09-30T09:47:32.418099+00:00", "level": "info", "logger": "researchforge.research", "msg": "[RESEARCH] decision phase=INVESTIGATE action=READ focus= reason=\"Retrieved papers have not been analyzed enough to judge overlap.\" iteration=4 open_uncertainties=5 candidates=", "rf_phase": "INVESTIGATE", "rf_action": "READ", "rf_focus": "", "rf_reason": "Retrieved papers have not been analyzed enough to judge overlap.", "rf_iteration": 4, "rf_open_uncertainties": 5, "rf_candidates": ""}
{"ts": "2026-09-30T09:47:34.644802+00:00", "level": "info", "logger": "researchforge.research", "msg": "[RESEARCH] tool_invocation action=CRITIQUE tool=search_paper_text", "rf_action": "CRITIQUE", "rf_tool": "search_paper_text"}
{"ts": "2026-09-30T09:47:41.249773+00:00", "level": "info", "logger": "researchforge.research", "msg": "[RESEARCH] tool_invocation action=CRITIQUE tool=search_paper_text", "rf_action": "CRITIQUE", "rf_tool": "search_paper_text"}
{"ts": "2026-09-30T09:47:44.110247+00:00", "level": "info", "logger": "researchforge.research", "msg": "[RESEARCH] tool_invocation action=READ tool=list_papers", "rf_action": "READ", "rf_tool": "list_papers"}
{"ts": "2026-09-30T09:47:47.050675+00:00", "level": "info", "logger": "researchforge.research", "msg": "[RESEARCH] tool_invocation action=CRITIQUE tool=search_paper_text", "rf_action": "CRITIQUE", "rf_tool": "search_paper_text"}
{"ts": "2026-09-30T09:47:53.002523+00:00", "level": "info", "logger": "researchforge.research", "msg": "[RESEARCH] tool_invocation action=READ tool=fetch_paper_text", "rf_action": "READ", "rf_tool": "fetch_paper_text"}
{"ts": "2026-09-30T09:47:57.752045+00:00", "level": "info", "logger": "researchforge.research", "msg": "[RESEARCH] tool_invocation action=CRITIQUE tool=search_paper_text", "rf_action": "CRITIQUE", "rf_tool": "search_paper_text"}
{"ts": "2026-09-30T09:48:00.183595+00:00", "level": "info", "logger": "researchforge.research", "msg": "[RESEARCH] tool_invocation action=READ tool=fetch_paper_text", "rf_action": "READ", "rf_tool": "fetch_paper_text"}
{"ts": "2026-09-30T09:48:02.983059+00:00", "level": "info", "logger": "researchforge.research", "msg": "[RESEARCH] tool_invocation action=CRITIQUE tool=search_paper_text", "rf_action": "CRITIQUE", "rf_tool": "search_paper_text"}
{"ts": "2026-09-30T09:48:05.485016+00:00", "level": "info", "logger": "researchforge.research", "msg": "[RESEARCH] tool_invocation action=READ tool=get_paper", "rf_action": "READ", "rf_tool": "get_paper"}
{"ts": "2026-09-30T09:48:08.843712+00:00", "level": "info", "logger": "researchforge.research", "msg": "[RESEARCH] tool_invocation action=CRITIQUE tool=search_paper_text", "rf_action": "CRITIQUE", "rf_tool": "search_paper_text"}
{"ts": "2026-09-30T09:48:44.196538+00:00", "level": "info", "logger": "researchforge.research", "msg": "[RESEARCH] tool_invocation action=READ tool=record_paper_analysis", "rf_action": "READ", "rf_tool": "record_paper_analysis"}
{"ts": "2026-09-30T09:48:46.812731+00:00", "level": "info", "logger": "researchforge.research", "msg": "[RESEARCH] tool_invocation action=CRITIQUE tool=search_paper_text", "rf_action": "CRITIQUE", "rf_tool": "search_paper_text"}
{"ts": "2026-09-30T09:48:55.662433+00:00", "level": "info", "logger": "researchforge.research", "msg": "[RESEARCH] tool_invocation action=READ tool=get_paper", "rf_action": "READ", "rf_tool": "get_paper"}
{"ts": "2026-09-30T09:48:59.911824+00:00", "level": "info", "logger": "researchforge.research", "msg": "[RESEARCH] tool_invocation action=CRITIQUE tool=search_paper_text", "rf_action": "CRITIQUE", "rf_tool": "search_paper_text"}
{"ts": "2026-09-30T09:49:06.329144+00:00", "level": "info", "logger": "researchforge.research", "msg": "[RESEARCH] tool_invocation action=READ tool=record_paper_analysis", "rf_action": "READ", "rf_tool": "record_paper_analysis"}
{"ts": "2026-09-30T09:49:08.979503+00:00", "level": "info", "logger": "researchforge.research", "msg": "[RESEARCH] tool_invocation action=CRITIQUE tool=search_paper_text", "rf_action": "CRITIQUE", "rf_tool": "search_paper_text"}
{"ts": "2026-09-30T09:49:11.180404+00:00", "level": "info", "logger": "researchforge.research", "msg": "[RESEARCH] tool_invocation action=READ tool=get_paper", "rf_action": "READ", "rf_tool": "get_paper"}
{"ts": "2026-09-30T09:49:19.421678+00:00", "level": "info", "logger": "researchforge.research", "msg": "[RESEARCH] tool_invocation action=CRITIQUE tool=search_paper_text", "rf_action": "CRITIQUE", "rf_tool": "search_paper_text"}
{"ts": "2026-09-30T09:49:25.364621+00:00", "level": "info", "logger": "researchforge.research", "msg": "[RESEARCH] tool_invocation action=READ tool=record_paper_analysis", "rf_action": "READ", "rf_tool": "record_paper_analysis"}
{"ts": "2026-09-30T09:49:28.470947+00:00", "level": "info", "logger": "researchforge.research", "msg": "[RESEARCH] tool_invocation action=CRITIQUE tool=search_paper_text", "rf_action": "CRITIQUE", "rf_tool": "search_paper_text"}
{"ts": "2026-09-30T09:49:35.107721+00:00", "level": "info", "logger": "researchforge.research", "msg": "[RESEARCH] tool_invocation action=READ tool=search_paper_text", "rf_action": "READ", "rf_tool": "search_paper_text"}
{"ts": "2026-09-30T09:49:37.528336+00:00", "level": "info", "logger": "researchforge.research", "msg": "[RESEARCH] tool_invocation action=CRITIQUE tool=search_paper_text", "rf_action": "CRITIQUE", "rf_tool": "search_paper_text"}
{"ts": "2026-09-30T09:49:39.366923+00:00", "level": "info", "logger": "researchforge.research", "msg": "[RESEARCH] tool_invocation action=READ tool=search_paper_text", "rf_action": "READ", "rf_tool": "search_paper_text"}
{"ts": "2026-09-30T09:49:42.731818+00:00", "level": "info", "logger": "researchforge.research", "msg": "[RESEARCH] tool_invocation action=CRITIQUE tool=search_paper_text", "rf_action": "CRITIQUE", "rf_tool": "search_paper_text"}
{"ts": "2026-09-30T09:49:51.535522+00:00", "level": "info", "logger": "researchforge.research", "msg": "[RESEARCH] tool_invocation action=READ tool=search_paper_text", "rf_action": "READ", "rf_tool": "search_paper_text"}
{"ts": "2026-09-30T09:49:54.146551+00:00", "level": "info", "logger": "researchforge.research", "msg": "[RESEARCH] tool_invocation action=CRITIQUE tool=search_paper_text", "rf_action": "CRITIQUE", "rf_tool": "search_paper_text"}
{"ts": "2026-09-30T09:49:58.994495+00:00", "level": "info", "logger": "researchforge.research", "msg": "[RESEARCH] tool_invocation action=READ tool=search_paper_text", "rf_action": "READ", "rf_tool": "search_paper_text"}
{"ts": "2026-09-30T09:50:02.360339+00:00", "level": "info", "logger": "researchforge.research", "msg": "[RESEARCH] tool_invocation action=CRITIQUE tool=search_paper_text", "rf_action": "CRITIQUE", "rf_tool": "search_paper_text"}
{"ts": "2026-09-30T09:50:14.785694+00:00", "level": "info", "logger": "researchforge.research", "msg": "[RESEARCH] tool_invocation action=READ tool=record_paper_analysis", "rf_action": "READ", "rf_tool": "record_paper_analysis"}
{"ts": "2026-09-30T09:50:17.297836+00:00", "level": "info", "logger": "researchforge.research", "msg": "[RESEARCH] tool_invocation action=CRITIQUE tool=search_paper_text", "rf_action": "CRITIQUE", "rf_tool": "search_paper_text"}
{"ts": "2026-09-30T09:50:22.177836+00:00", "level": "info", "logger": "researchforge.research", "msg": "[RESEARCH] result action=READ progressed=True info_gain=2.0 tools=fetch_paper_text,get_paper,list_papers,record_paper_analysis,search_paper_text outcome=\"+4 analyses\" papers=48 open_uncertainties=5", "rf_action": "READ", "rf_progressed": true, "rf_info_gain": 2.0, "rf_tools": "fetch_paper_text,get_paper,list_papers,record_paper_analysis,search_paper_text", "rf_outcome": "+4 analyses", "rf_papers": 48, "rf_open_uncertainties": 5}
{"ts": "2026-09-30T09:50:22.185641+00:00", "level": "info", "logger": "researchforge.research", "msg": "[RESEARCH] decision phase=INVESTIGATE action=READ focus= reason=\"Retrieved papers have not been analyzed enough to judge overlap.\" iteration=5 open_uncertainties=5 candidates=", "rf_phase": "INVESTIGATE", "rf_action": "READ", "rf_focus": "", "rf_reason": "Retrieved papers have not been analyzed enough to judge overlap.", "rf_iteration": 5, "rf_open_uncertainties": 5, "rf_candidates": ""}
{"ts": "2026-09-30T09:50:26.266012+00:00", "level": "info", "logger": "researchforge.research", "msg": "[RESEARCH] tool_invocation action=CRITIQUE tool=search_paper_text", "rf_action": "CRITIQUE", "rf_tool": "search_paper_text"}
{"ts": "2026-09-30T09:50:39.452224+00:00", "level": "info", "logger": "researchforge.research", "msg": "[RESEARCH] tool_invocation action=READ tool=get_paper", "rf_action": "READ", "rf_tool": "get_paper"}
{"ts": "2026-09-30T09:50:42.064591+00:00", "level": "info", "logger": "researchforge.research", "msg": "[RESEARCH] tool_invocation action=CRITIQUE tool=search_paper_text", "rf_action": "CRITIQUE", "rf_tool": "search_paper_text"}
{"ts": "2026-09-30T09:50:44.241823+00:00", "level": "info", "logger": "researchforge.research", "msg": "[RESEARCH] tool_invocation action=READ tool=get_paper", "rf_action": "READ", "rf_tool": "get_paper"}
{"ts": "2026-09-30T09:50:48.229429+00:00", "level": "info", "logger": "researchforge.research", "msg": "[RESEARCH] tool_invocation action=CRITIQUE tool=search_paper_text", "rf_action": "CRITIQUE", "rf_tool": "search_paper_text"}
{"ts": "2026-09-30T09:50:51.931620+00:00", "level": "info", "logger": "researchforge.research", "msg": "[RESEARCH] tool_invocation action=READ tool=record_paper_analysis", "rf_action": "READ", "rf_tool": "record_paper_analysis"}
{"ts": "2026-09-30T09:50:55.698892+00:00", "level": "info", "logger": "researchforge.research", "msg": "[RESEARCH] tool_invocation action=CRITIQUE tool=search_paper_text", "rf_action": "CRITIQUE", "rf_tool": "search_paper_text"}
{"ts": "2026-09-30T09:50:59.220480+00:00", "level": "info", "logger": "researchforge.research", "msg": "[RESEARCH] tool_invocation action=READ tool=record_paper_analysis", "rf_action": "READ", "rf_tool": "record_paper_analysis"}
{"ts": "2026-09-30T09:51:01.745702+00:00", "level": "info", "logger": "researchforge.research", "msg": "[RESEARCH] tool_invocation action=CRITIQUE tool=search_paper_text", "rf_action": "CRITIQUE", "rf_tool": "search_paper_text"}
{"ts": "2026-09-30T09:51:05.367414+00:00", "level": "info", "logger": "researchforge.research", "msg": "[RESEARCH] result action=READ progressed=True info_gain=1.0 tools=get_paper,record_paper_analysis outcome=\"+2 analyses\" papers=48 open_uncertainties=5", "rf_action": "READ", "rf_progressed": true, "rf_info_gain": 1.0, "rf_tools": "get_paper,record_paper_analysis", "rf_outcome": "+2 analyses", "rf_papers": 48, "rf_open_uncertainties": 5}
{"ts": "2026-09-30T09:51:05.374877+00:00", "level": "info", "logger": "researchforge.research", "msg": "[RESEARCH] decision phase=SYNTHESIZE action=SYNTHESIZE focus= reason=\"Analyses exist but the field has not been mapped.\" iteration=6 open_uncertainties=5 candidates=", "rf_phase": "SYNTHESIZE", "rf_action": "SYNTHESIZE", "rf_focus": "", "rf_reason": "Analyses exist but the field has not been mapped.", "rf_iteration": 6, "rf_open_uncertainties": 5, "rf_candidates": ""}
{"ts": "2026-09-30T09:51:13.087919+00:00", "level": "info", "logger": "researchforge.research", "msg": "[RESEARCH] tool_invocation action=CRITIQUE tool=record_claim", "rf_action": "CRITIQUE", "rf_tool": "record_claim"}
{"ts": "2026-09-30T09:51:15.420461+00:00", "level": "info", "logger": "researchforge.research", "msg": "[RESEARCH] tool_invocation action=SYNTHESIZE tool=get_records", "rf_action": "SYNTHESIZE", "rf_tool": "get_records"}
{"ts": "2026-09-30T09:51:18.496146+00:00", "level": "info", "logger": "researchforge.research", "msg": "[RESEARCH] tool_invocation action=CRITIQUE tool=search_paper_text", "rf_action": "CRITIQUE", "rf_tool": "search_paper_text"}
{"ts": "2026-09-30T09:51:38.636044+00:00", "level": "info", "logger": "researchforge.research", "msg": "[RESEARCH] tool_invocation action=SYNTHESIZE tool=record_landscape", "rf_action": "SYNTHESIZE", "rf_tool": "record_landscape"}
{"ts": "2026-09-30T09:51:41.551123+00:00", "level": "info", "logger": "researchforge.research", "msg": "[RESEARCH] tool_invocation action=CRITIQUE tool=search_paper_text", "rf_action": "CRITIQUE", "rf_tool": "search_paper_text"}
{"ts": "2026-09-30T09:51:46.982754+00:00", "level": "info", "logger": "researchforge.research", "msg": "[RESEARCH] result action=SYNTHESIZE progressed=True info_gain=1.0 tools=get_records,record_landscape outcome=\"landscape recorded\" papers=48 open_uncertainties=5", "rf_action": "SYNTHESIZE", "rf_progressed": true, "rf_info_gain": 1.0, "rf_tools": "get_records,record_landscape", "rf_outcome": "landscape recorded", "rf_papers": 48, "rf_open_uncertainties": 5}
{"ts": "2026-09-30T09:51:46.990565+00:00", "level": "info", "logger": "researchforge.research", "msg": "[RESEARCH] decision phase=CRITIQUE action=CRITIQUE focus= reason=\"The idea has not been challenged yet.\" iteration=7 open_uncertainties=5 candidates=", "rf_phase": "CRITIQUE", "rf_action": "CRITIQUE", "rf_focus": "", "rf_reason": "The idea has not been challenged yet.", "rf_iteration": 7, "rf_open_uncertainties": 5, "rf_candidates": ""}
{"ts": "2026-09-30T09:51:49.778952+00:00", "level": "info", "logger": "researchforge.research", "msg": "[RESEARCH] tool_invocation action=CRITIQUE tool=search_paper_text", "rf_action": "CRITIQUE", "rf_tool": "search_paper_text"}
{"ts": "2026-09-30T09:51:55.886101+00:00", "level": "info", "logger": "researchforge.research", "msg": "[RESEARCH] tool_invocation action=CRITIQUE tool=search_paper_text", "rf_action": "CRITIQUE", "rf_tool": "search_paper_text"}
{"ts": "2026-09-30T09:52:00.085237+00:00", "level": "info", "logger": "researchforge.research", "msg": "[RESEARCH] tool_invocation action=CRITIQUE tool=search_paper_text", "rf_action": "CRITIQUE", "rf_tool": "search_paper_text"}
{"ts": "2026-09-30T09:52:04.900876+00:00", "level": "info", "logger": "researchforge.research", "msg": "[RESEARCH] tool_invocation action=CRITIQUE tool=search_paper_text", "rf_action": "CRITIQUE", "rf_tool": "search_paper_text"}
{"ts": "2026-09-30T09:52:08.218423+00:00", "level": "info", "logger": "researchforge.research", "msg": "[RESEARCH] tool_invocation action=CRITIQUE tool=search_paper_text", "rf_action": "CRITIQUE", "rf_tool": "search_paper_text"}
{"ts": "2026-09-30T09:52:11.537355+00:00", "level": "info", "logger": "researchforge.research", "msg": "[RESEARCH] tool_invocation action=CRITIQUE tool=search_paper_text", "rf_action": "CRITIQUE", "rf_tool": "search_paper_text"}
{"ts": "2026-09-30T09:52:15.267149+00:00", "level": "info", "logger": "researchforge.research", "msg": "[RESEARCH] tool_invocation action=CRITIQUE tool=search_paper_text", "rf_action": "CRITIQUE", "rf_tool": "search_paper_text"}
{"ts": "2026-09-30T09:52:18.352005+00:00", "level": "info", "logger": "researchforge.research", "msg": "[RESEARCH] tool_invocation action=CRITIQUE tool=search_paper_text", "rf_action": "CRITIQUE", "rf_tool": "search_paper_text"}
{"ts": "2026-09-30T09:52:20.132302+00:00", "level": "info", "logger": "researchforge.research", "msg": "[RESEARCH] tool_invocation action=CRITIQUE tool=get_paper", "rf_action": "CRITIQUE", "rf_tool": "get_paper"}
{"ts": "2026-09-30T09:52:24.495458+00:00", "level": "info", "logger": "researchforge.research", "msg": "[RESEARCH] tool_invocation action=CRITIQUE tool=search_paper_text", "rf_action": "CRITIQUE", "rf_tool": "search_paper_text"}
{"ts": "2026-09-30T09:52:32.541681+00:00", "level": "info", "logger": "researchforge.research", "msg": "[RESEARCH] tool_invocation action=CRITIQUE tool=record_claim", "rf_action": "CRITIQUE", "rf_tool": "record_claim"}
{"ts": "2026-09-30T09:52:37.099961+00:00", "level": "info", "logger": "researchforge.research", "msg": "[RESEARCH] tool_invocation action=CRITIQUE tool=search_paper_text", "rf_action": "CRITIQUE", "rf_tool": "search_paper_text"}
{"ts": "2026-09-30T09:52:40.657950+00:00", "level": "info", "logger": "researchforge.research", "msg": "[RESEARCH] tool_invocation action=CRITIQUE tool=record_claim", "rf_action": "CRITIQUE", "rf_tool": "record_claim"}
{"ts": "2026-09-30T09:52:43.452878+00:00", "level": "info", "logger": "researchforge.research", "msg": "[RESEARCH] tool_invocation action=CRITIQUE tool=search_paper_text", "rf_action": "CRITIQUE", "rf_tool": "search_paper_text"}
{"ts": "2026-09-30T09:52:49.941561+00:00", "level": "info", "logger": "researchforge.research", "msg": "[RESEARCH] tool_invocation action=CRITIQUE tool=record_claim", "rf_action": "CRITIQUE", "rf_tool": "record_claim"}
{"ts": "2026-09-30T09:52:52.328406+00:00", "level": "info", "logger": "researchforge.research", "msg": "[RESEARCH] tool_invocation action=CRITIQUE tool=search_paper_text", "rf_action": "CRITIQUE", "rf_tool": "search_paper_text"}
{"ts": "2026-09-30T09:53:00.067628+00:00", "level": "info", "logger": "researchforge.research", "msg": "[RESEARCH] tool_invocation action=CRITIQUE tool=record_claim", "rf_action": "CRITIQUE", "rf_tool": "record_claim"}
{"ts": "2026-09-30T09:53:03.424357+00:00", "level": "info", "logger": "researchforge.research", "msg": "[RESEARCH] tool_invocation action=CRITIQUE tool=search_paper_text", "rf_action": "CRITIQUE", "rf_tool": "search_paper_text"}
{"ts": "2026-09-30T09:53:14.278962+00:00", "level": "info", "logger": "researchforge.research", "msg": "[RESEARCH] tool_invocation action=CRITIQUE tool=record_claim", "rf_action": "CRITIQUE", "rf_tool": "record_claim"}
{"ts": "2026-09-30T09:53:16.957897+00:00", "level": "info", "logger": "researchforge.research", "msg": "[RESEARCH] tool_invocation action=CRITIQUE tool=search_paper_text", "rf_action": "CRITIQUE", "rf_tool": "search_paper_text"}
{"ts": "2026-09-30T09:53:21.472115+00:00", "level": "info", "logger": "researchforge.research", "msg": "[RESEARCH] tool_invocation action=CRITIQUE tool=get_research_state", "rf_action": "CRITIQUE", "rf_tool": "get_research_state"}
{"ts": "2026-09-30T09:53:26.456256+00:00", "level": "info", "logger": "researchforge.research", "msg": "[RESEARCH] tool_invocation action=CRITIQUE tool=record_claim", "rf_action": "CRITIQUE", "rf_tool": "record_claim"}
{"ts": "2026-09-30T09:53:36.050823+00:00", "level": "info", "logger": "researchforge.research", "msg": "[RESEARCH] tool_invocation action=CRITIQUE tool=update_uncertainty", "rf_action": "CRITIQUE", "rf_tool": "update_uncertainty"}
{"ts": "2026-09-30T09:53:38.797340+00:00", "level": "info", "logger": "researchforge.research", "msg": "[RESEARCH] tool_invocation action=CRITIQUE tool=search_paper_text", "rf_action": "CRITIQUE", "rf_tool": "search_paper_text"}
{"ts": "2026-09-30T09:53:44.893259+00:00", "level": "info", "logger": "researchforge.research", "msg": "[RESEARCH] tool_invocation action=CRITIQUE tool=update_uncertainty", "rf_action": "CRITIQUE", "rf_tool": "update_uncertainty"}
{"ts": "2026-09-30T09:53:47.673311+00:00", "level": "info", "logger": "researchforge.research", "msg": "[RESEARCH] tool_invocation action=CRITIQUE tool=search_paper_text", "rf_action": "CRITIQUE", "rf_tool": "search_paper_text"}
{"ts": "2026-09-30T09:53:51.258813+00:00", "level": "info", "logger": "researchforge.research", "msg": "[RESEARCH] tool_invocation action=CRITIQUE tool=record_uncertainty", "rf_action": "CRITIQUE", "rf_tool": "record_uncertainty"}
{"ts": "2026-09-30T09:53:53.914551+00:00", "level": "info", "logger": "researchforge.research", "msg": "[RESEARCH] tool_invocation action=CRITIQUE tool=search_paper_text", "rf_action": "CRITIQUE", "rf_tool": "search_paper_text"}
{"ts": "2026-09-30T09:53:57.182008+00:00", "level": "info", "logger": "researchforge.research", "msg": "[RESEARCH] tool_invocation action=CRITIQUE tool=record_uncertainty", "rf_action": "CRITIQUE", "rf_tool": "record_uncertainty"}
{"ts": "2026-09-30T09:54:00.056879+00:00", "level": "info", "logger": "researchforge.research", "msg": "[RESEARCH] tool_invocation action=CRITIQUE tool=search_paper_text", "rf_action": "CRITIQUE", "rf_tool": "search_paper_text"}
{"ts": "2026-09-30T09:54:10.919972+00:00", "level": "info", "logger": "researchforge.research", "msg": "[RESEARCH] tool_invocation action=CRITIQUE tool=record_critique", "rf_action": "CRITIQUE", "rf_tool": "record_critique"}
{"ts": "2026-09-30T09:54:16.652687+00:00", "level": "info", "logger": "researchforge.research", "msg": "[RESEARCH] tool_invocation action=CRITIQUE tool=search_paper_text", "rf_action": "CRITIQUE", "rf_tool": "search_paper_text"}
{"ts": "2026-09-30T09:54:20.216926+00:00", "level": "info", "logger": "researchforge.research", "msg": "[RESEARCH] uncertainty_status uncertainty=U002 before=open after=partially_resolved verdict=", "rf_uncertainty": "U002", "rf_before": "open", "rf_after": "partially_resolved", "rf_verdict": ""}
{"ts": "2026-09-30T09:54:20.216974+00:00", "level": "info", "logger": "researchforge.research", "msg": "[RESEARCH] uncertainty_status uncertainty=U004 before=open after=partially_resolved verdict=", "rf_uncertainty": "U004", "rf_before": "open", "rf_after": "partially_resolved", "rf_verdict": ""}
{"ts": "2026-09-30T09:54:20.216994+00:00", "level": "info", "logger": "researchforge.research", "msg": "[RESEARCH] uncertainty_added uncertainty=U006 importance=high category=validity raised_by=CRITIQUE", "rf_uncertainty": "U006", "rf_importance": "high", "rf_category": "validity", "rf_raised_by": "CRITIQUE"}
{"ts": "2026-09-30T09:54:20.217009+00:00", "level": "info", "logger": "researchforge.research", "msg": "[RESEARCH] uncertainty_added uncertainty=U007 importance=high category=feasibility raised_by=CRITIQUE", "rf_uncertainty": "U007", "rf_importance": "high", "rf_category": "feasibility", "rf_raised_by": "CRITIQUE"}
{"ts": "2026-09-30T09:54:20.222802+00:00", "level": "info", "logger": "researchforge.research", "msg": "[RESEARCH] result action=CRITIQUE progressed=True info_gain=6.0 tools=get_paper,get_research_state,record_claim,record_critique,record_uncertainty,search_paper_text,update_uncertainty outcome=\"+5 claims; +5 verified claims; +2 uncertainties; critique recorded; uncertainties updated: U002, U004\" papers=48 open_uncertainties=7", "rf_action": "CRITIQUE", "rf_progressed": true, "rf_info_gain": 6.0, "rf_tools": "get_paper,get_research_state,record_claim,record_critique,record_uncertainty,search_paper_text,update_uncertainty", "rf_outcome": "+5 claims; +5 verified claims; +2 uncertainties; critique recorded; uncertainties updated: U002, U004", "rf_papers": 48, "rf_open_uncertainties": 7}
{"ts": "2026-09-30T09:54:20.231849+00:00", "level": "info", "logger": "researchforge.research", "msg": "[RESEARCH] decision phase=UNCERTAINTY action=SEARCH focus=\"U001: Is there existing work that combines temporal relevance with semantic similarity in a retrieval-agnostic way for Q\" reason=\"Most valuable next step for high-importance novelty question U001: score 1.139 = importance 3 x expected gain 0.633 x re\" iteration=8 open_uncertainties=7 candidates=\"SEARCH:U001=1.139; PLAN_EXPERIMENT:U006=1.08; VERIFY:U006=1.08; SEARCH:U003=0.886\"", "rf_phase": "UNCERTAINTY", "rf_action": "SEARCH", "rf_focus": "U001: Is there existing work that combines temporal relevance with semantic similarity in a retrieval-agnostic way for QA over versioned regulatory text?", "rf_reason": "Most valuable next step for high-importance novelty question U001: score 1.139 = importance 3 x expected gain 0.633 x relevance 1 x evidence deficiency 0.6 / cost 1. Next best: PLAN_EXPERIMENT on U006 (1.08).", "rf_iteration": 8, "rf_open_uncertainties": 7, "rf_candidates": "SEARCH:U001=1.139; PLAN_EXPERIMENT:U006=1.08; VERIFY:U006=1.08; SEARCH:U003=0.886"}
{"ts": "2026-09-30T09:54:28.813137+00:00", "level": "info", "logger": "researchforge.research", "msg": "[RESEARCH] tool_invocation action=CRITIQUE tool=record_claim", "rf_action": "CRITIQUE", "rf_tool": "record_claim"}
{"ts": "2026-09-30T09:54:35.612977+00:00", "level": "info", "logger": "researchforge.research", "msg": "[RESEARCH] tool_invocation action=SEARCH tool=search_papers", "rf_action": "SEARCH", "rf_tool": "search_papers"}
{"ts": "2026-09-30T09:54:38.238230+00:00", "level": "info", "logger": "researchforge.research", "msg": "[RESEARCH] tool_invocation action=CRITIQUE tool=search_paper_text", "rf_action": "CRITIQUE", "rf_tool": "search_paper_text"}
{"ts": "2026-09-30T09:54:41.239213+00:00", "level": "info", "logger": "researchforge.research", "msg": "[RESEARCH] tool_invocation action=CRITIQUE tool=search_paper_text", "rf_action": "CRITIQUE", "rf_tool": "search_paper_text"}
{"ts": "2026-09-30T09:54:44.567295+00:00", "level": "info", "logger": "researchforge.research", "msg": "[RESEARCH] tool_invocation action=SEARCH tool=search_papers", "rf_action": "SEARCH", "rf_tool": "search_papers"}
{"ts": "2026-09-30T09:54:47.428647+00:00", "level": "info", "logger": "researchforge.research", "msg": "[RESEARCH] tool_invocation action=CRITIQUE tool=search_paper_text", "rf_action": "CRITIQUE", "rf_tool": "search_paper_text"}
{"ts": "2026-09-30T09:54:52.252669+00:00", "level": "info", "logger": "researchforge.research", "msg": "[RESEARCH] tool_invocation action=CRITIQUE tool=search_paper_text", "rf_action": "CRITIQUE", "rf_tool": "search_paper_text"}
{"ts": "2026-09-30T09:54:56.613658+00:00", "level": "info", "logger": "researchforge.research", "msg": "[RESEARCH] tool_invocation action=CRITIQUE tool=search_paper_text", "rf_action": "CRITIQUE", "rf_tool": "search_paper_text"}
{"ts": "2026-09-30T09:55:00.541683+00:00", "level": "info", "logger": "researchforge.research", "msg": "[RESEARCH] tool_invocation action=CRITIQUE tool=search_paper_text", "rf_action": "CRITIQUE", "rf_tool": "search_paper_text"}
{"ts": "2026-09-30T09:55:02.697825+00:00", "level": "info", "logger": "researchforge.research", "msg": "[RESEARCH] tool_invocation action=CRITIQUE tool=search_paper_text", "rf_action": "CRITIQUE", "rf_tool": "search_paper_text"}
{"ts": "2026-09-30T09:55:05.736099+00:00", "level": "info", "logger": "researchforge.research", "msg": "[RESEARCH] tool_invocation action=CRITIQUE tool=search_paper_text", "rf_action": "CRITIQUE", "rf_tool": "search_paper_text"}
{"ts": "2026-09-30T09:55:11.550725+00:00", "level": "info", "logger": "researchforge.research", "msg": "[RESEARCH] tool_invocation action=CRITIQUE tool=search_paper_text", "rf_action": "CRITIQUE", "rf_tool": "search_paper_text"}
{"ts": "2026-09-30T09:55:14.453112+00:00", "level": "info", "logger": "researchforge.research", "msg": "[RESEARCH] tool_invocation action=CRITIQUE tool=search_paper_text", "rf_action": "CRITIQUE", "rf_tool": "search_paper_text"}
{"ts": "2026-09-30T09:55:16.851679+00:00", "level": "info", "logger": "researchforge.research", "msg": "[RESEARCH] tool_invocation action=SEARCH tool=search_papers", "rf_action": "SEARCH", "rf_tool": "search_papers"}
{"ts": "2026-09-30T09:55:18.578280+00:00", "level": "info", "logger": "researchforge.research", "msg": "[RESEARCH] tool_invocation action=CRITIQUE tool=search_paper_text", "rf_action": "CRITIQUE", "rf_tool": "search_paper_text"}
{"ts": "2026-09-30T09:55:21.580410+00:00", "level": "info", "logger": "researchforge.research", "msg": "[RESEARCH] tool_invocation action=CRITIQUE tool=search_paper_text", "rf_action": "CRITIQUE", "rf_tool": "search_paper_text"}
{"ts": "2026-09-30T09:55:33.053099+00:00", "level": "info", "logger": "researchforge.research", "msg": "[RESEARCH] tool_invocation action=CRITIQUE tool=search_paper_text", "rf_action": "CRITIQUE", "rf_tool": "search_paper_text"}
{"ts": "2026-09-30T09:55:36.221193+00:00", "level": "info", "logger": "researchforge.research", "msg": "[RESEARCH] tool_invocation action=CRITIQUE tool=search_paper_text", "rf_action": "CRITIQUE", "rf_tool": "search_paper_text"}
{"ts": "2026-09-30T09:55:39.670154+00:00", "level": "info", "logger": "researchforge.research", "msg": "[RESEARCH] tool_invocation action=CRITIQUE tool=search_paper_text", "rf_action": "CRITIQUE", "rf_tool": "search_paper_text"}
{"ts": "2026-09-30T09:55:42.772638+00:00", "level": "info", "logger": "researchforge.research", "msg": "[RESEARCH] tool_invocation action=CRITIQUE tool=search_paper_text", "rf_action": "CRITIQUE", "rf_tool": "search_paper_text"}
{"ts": "2026-09-30T09:55:49.423387+00:00", "level": "info", "logger": "researchforge.research", "msg": "[RESEARCH] tool_invocation action=CRITIQUE tool=search_paper_text", "rf_action": "CRITIQUE", "rf_tool": "search_paper_text"}
{"ts": "2026-09-30T09:55:55.833799+00:00", "level": "info", "logger": "researchforge.research", "msg": "[RESEARCH] tool_invocation action=CRITIQUE tool=search_paper_text", "rf_action": "CRITIQUE", "rf_tool": "search_paper_text"}
{"ts": "2026-09-30T09:56:02.008799+00:00", "level": "info", "logger": "researchforge.research", "msg": "[RESEARCH] tool_invocation action=CRITIQUE tool=search_paper_text", "rf_action": "CRITIQUE", "rf_tool": "search_paper_text"}
{"ts": "2026-09-30T09:56:04.890485+00:00", "level": "info", "logger": "researchforge.research", "msg": "[RESEARCH] tool_invocation action=CRITIQUE tool=search_paper_text", "rf_action": "CRITIQUE", "rf_tool": "search_paper_text"}
{"ts": "2026-09-30T09:56:07.834805+00:00", "level": "info", "logger": "researchforge.research", "msg": "[RESEARCH] tool_invocation action=CRITIQUE tool=search_paper_text", "rf_action": "CRITIQUE", "rf_tool": "search_paper_text"}
{"ts": "2026-09-30T09:56:11.494557+00:00", "level": "info", "logger": "researchforge.research", "msg": "[RESEARCH] tool_invocation action=CRITIQUE tool=search_paper_text", "rf_action": "CRITIQUE", "rf_tool": "search_paper_text"}
{"ts": "2026-09-30T09:56:14.630301+00:00", "level": "info", "logger": "researchforge.research", "msg": "[RESEARCH] tool_invocation action=CRITIQUE tool=search_paper_text", "rf_action": "CRITIQUE", "rf_tool": "search_paper_text"}
{"ts": "2026-09-30T09:56:33.903006+00:00", "level": "info", "logger": "researchforge.research", "msg": "[RESEARCH] tool_invocation action=CRITIQUE tool=record_critique", "rf_action": "CRITIQUE", "rf_tool": "record_critique"}
{"ts": "2026-09-30T09:56:36.308687+00:00", "level": "info", "logger": "researchforge.research", "msg": "[RESEARCH] tool_invocation action=SEARCH tool=get_paper", "rf_action": "SEARCH", "rf_tool": "get_paper"}
{"ts": "2026-09-30T09:56:40.503763+00:00", "level": "info", "logger": "researchforge.research", "msg": "[RESEARCH] result action=CRITIQUE progressed=True info_gain=2.0 tools=record_claim,record_critique,search_paper_text outcome=\"+1 claims; +1 verified claims; critique recorded\" papers=92 open_uncertainties=4", "rf_action": "CRITIQUE", "rf_progressed": true, "rf_info_gain": 2.0, "rf_tools": "record_claim,record_critique,search_paper_text", "rf_outcome": "+1 claims; +1 verified claims; critique recorded", "rf_papers": 92, "rf_open_uncertainties": 4}
{"ts": "2026-09-30T09:56:40.518982+00:00", "level": "info", "logger": "researchforge.research", "msg": "[RESEARCH] decision phase=REFINE action=REFINE focus= reason=\"The findings have not yet been turned into gaps, modifications and a direction decision.\" iteration=8 open_uncertainties=4 candidates=", "rf_phase": "REFINE", "rf_action": "REFINE", "rf_focus": "", "rf_reason": "The findings have not yet been turned into gaps, modifications and a direction decision.", "rf_iteration": 8, "rf_open_uncertainties": 4, "rf_candidates": ""}
{"ts": "2026-09-30T09:56:44.157926+00:00", "level": "info", "logger": "researchforge.research", "msg": "[RESEARCH] tool_invocation action=SEARCH tool=search_paper_text", "rf_action": "SEARCH", "rf_tool": "search_paper_text"}
{"ts": "2026-09-30T09:57:13.142095+00:00", "level": "info", "logger": "researchforge.research", "msg": "[RESEARCH] tool_invocation action=REFINE tool=search_paper_text", "rf_action": "REFINE", "rf_tool": "search_paper_text"}
{"ts": "2026-09-30T09:57:16.505668+00:00", "level": "info", "logger": "researchforge.research", "msg": "[RESEARCH] tool_invocation action=SEARCH tool=search_paper_text", "rf_action": "SEARCH", "rf_tool": "search_paper_text"}
{"ts": "2026-09-30T09:57:35.982273+00:00", "level": "info", "logger": "researchforge.research", "msg": "[RESEARCH] tool_invocation action=REFINE tool=search_paper_text", "rf_action": "REFINE", "rf_tool": "search_paper_text"}
{"ts": "2026-09-30T09:57:38.087118+00:00", "level": "info", "logger": "researchforge.research", "msg": "[RESEARCH] tool_invocation action=SEARCH tool=search_papers", "rf_action": "SEARCH", "rf_tool": "search_papers"}
{"ts": "2026-09-30T09:57:59.630025+00:00", "level": "info", "logger": "researchforge.research", "msg": "[RESEARCH] tool_invocation action=REFINE tool=record_gap", "rf_action": "REFINE", "rf_tool": "record_gap"}
{"ts": "2026-09-30T09:58:15.876714+00:00", "level": "info", "logger": "researchforge.research", "msg": "[RESEARCH] tool_invocation action=SEARCH tool=update_uncertainty", "rf_action": "SEARCH", "rf_tool": "update_uncertainty"}
{"ts": "2026-09-30T09:58:27.818951+00:00", "level": "info", "logger": "researchforge.research", "msg": "[RESEARCH] tool_invocation action=REFINE tool=search_paper_text", "rf_action": "REFINE", "rf_tool": "search_paper_text"}
{"ts": "2026-09-30T09:58:36.849656+00:00", "level": "info", "logger": "researchforge.research", "msg": "[RESEARCH] uncertainty_status uncertainty=U001 before=open after=resolved verdict=", "rf_uncertainty": "U001", "rf_before": "open", "rf_after": "resolved", "rf_verdict": ""}
{"ts": "2026-09-30T09:58:36.859728+00:00", "level": "info", "logger": "researchforge.research", "msg": "[RESEARCH] result action=SEARCH progressed=True info_gain=4.0 tools=get_paper,search_paper_text,search_papers,update_uncertainty outcome=\"+46 papers; +3 searches; +1 resolved uncertainties; uncertainties updated: U001\" papers=94 open_uncertainties=6", "rf_action": "SEARCH", "rf_progressed": true, "rf_info_gain": 4.0, "rf_tools": "get_paper,search_paper_text,search_papers,update_uncertainty", "rf_outcome": "+46 papers; +3 searches; +1 resolved uncertainties; uncertainties updated: U001", "rf_papers": 94, "rf_open_uncertainties": 6}
{"ts": "2026-09-30T09:58:36.873314+00:00", "level": "info", "logger": "researchforge.research", "msg": "[RESEARCH] decision phase=UNCERTAINTY action=PLAN_EXPERIMENT focus=\"U006: Does temporal relevance improve QA accuracy on versioned regulatory documents where amendments create dense semant\" reason=\"Most valuable next step for high-importance validity question U006: score 1.08 = importance 3 x expected gain 0.4 x rele\" iteration=9 open_uncertainties=6 candidates=\"PLAN_EXPERIMENT:U006=1.08; VERIFY:U006=1.08; COMPARE:U007=0.84; VERIFY:U007=0.84\"", "rf_phase": "UNCERTAINTY", "rf_action": "PLAN_EXPERIMENT", "rf_focus": "U006: Does temporal relevance improve QA accuracy on versioned regulatory documents where amendments create dense semantic overlap across versions, making it difficult to distinguish the correct version for a time-specific query?", "rf_reason": "Most valuable next step for high-importance validity question U006: score 1.08 = importance 3 x expected gain 0.4 x relevance 0.9 x evidence deficiency 1 / cost 1. Next best: VERIFY on U006 (1.08).", "rf_iteration": 9, "rf_open_uncertainties": 6, "rf_candidates": "PLAN_EXPERIMENT:U006=1.08; VERIFY:U006=1.08; COMPARE:U007=0.84; VERIFY:U007=0.84"}
{"ts": "2026-09-30T09:58:43.708587+00:00", "level": "info", "logger": "researchforge.research", "msg": "[RESEARCH] tool_invocation action=REFINE tool=search_paper_text", "rf_action": "REFINE", "rf_tool": "search_paper_text"}
{"ts": "2026-09-30T09:59:10.572672+00:00", "level": "info", "logger": "researchforge.research", "msg": "[RESEARCH] tool_invocation action=PLAN_EXPERIMENT tool=record_experiment_plan", "rf_action": "PLAN_EXPERIMENT", "rf_tool": "record_experiment_plan"}
{"ts": "2026-09-30T09:59:16.075580+00:00", "level": "info", "logger": "researchforge.research", "msg": "[RESEARCH] tool_invocation action=REFINE tool=record_gap", "rf_action": "REFINE", "rf_tool": "record_gap"}
{"ts": "2026-09-30T09:59:25.656228+00:00", "level": "info", "logger": "researchforge.research", "msg": "[RESEARCH] tool_invocation action=PLAN_EXPERIMENT tool=record_experiment_plan", "rf_action": "PLAN_EXPERIMENT", "rf_tool": "record_experiment_plan"}
{"ts": "2026-09-30T09:59:28.153082+00:00", "level": "info", "logger": "researchforge.research", "msg": "[RESEARCH] tool_invocation action=REFINE tool=search_paper_text", "rf_action": "REFINE", "rf_tool": "search_paper_text"}
{"ts": "2026-09-30T09:59:37.222382+00:00", "level": "info", "logger": "researchforge.research", "msg": "[RESEARCH] tool_invocation action=PLAN_EXPERIMENT tool=update_uncertainty", "rf_action": "PLAN_EXPERIMENT", "rf_tool": "update_uncertainty"}
{"ts": "2026-09-30T09:59:39.276706+00:00", "level": "info", "logger": "researchforge.research", "msg": "[RESEARCH] tool_invocation action=REFINE tool=search_paper_text", "rf_action": "REFINE", "rf_tool": "search_paper_text"}
{"ts": "2026-09-30T09:59:52.283077+00:00", "level": "info", "logger": "researchforge.research", "msg": "[RESEARCH] result action=PLAN_EXPERIMENT progressed=True info_gain=1.0 tools=record_experiment_plan,update_uncertainty outcome=\"+1 experiment plans\" papers=94 open_uncertainties=6", "rf_action": "PLAN_EXPERIMENT", "rf_progressed": true, "rf_info_gain": 1.0, "rf_tools": "record_experiment_plan,update_uncertainty", "rf_outcome": "+1 experiment plans", "rf_papers": 94, "rf_open_uncertainties": 6}
{"ts": "2026-09-30T09:59:52.296357+00:00", "level": "info", "logger": "researchforge.research", "msg": "[RESEARCH] decision phase=UNCERTAINTY action=COMPARE focus=\"U007: Can a temporal relevance component based on elapsed time be effectively applied to both dense (e.g., DPR) and spar\" reason=\"Most valuable next step for high-importance feasibility question U007: score 0.84 = importance 3 x expected gain 0.6 x r\" iteration=10 open_uncertainties=6 candidates=\"COMPARE:U007=0.84; VERIFY:U007=0.84; COMPARE:U005=0.72; VERIFY:U005=0.72\"", "rf_phase": "UNCERTAINTY", "rf_action": "COMPARE", "rf_focus": "U007: Can a temporal relevance component based on elapsed time be effectively applied to both dense (e.g., DPR) and sparse (e.g., BM25) retrievers without modification to their core algorithms, given differences in score distributions and normalization?", "rf_reason": "Most valuable next step for high-importance feasibility question U007: score 0.84 = importance 3 x expected gain 0.6 x relevance 0.7 x evidence deficiency 1 / cost 1.5. Next best: VERIFY on U007 (0.84).", "rf_iteration": 10, "rf_open_uncertainties": 6, "rf_candidates": "COMPARE:U007=0.84; VERIFY:U007=0.84; COMPARE:U005=0.72; VERIFY:U005=0.72"}
{"ts": "2026-09-30T09:59:54.351084+00:00", "level": "info", "logger": "researchforge.research", "msg": "[RESEARCH] tool_invocation action=REFINE tool=search_paper_text", "rf_action": "REFINE", "rf_tool": "search_paper_text"}
{"ts": "2026-09-30T09:59:57.356819+00:00", "level": "info", "logger": "researchforge.research", "msg": "[RESEARCH] tool_invocation action=REFINE tool=search_paper_text", "rf_action": "REFINE", "rf_tool": "search_paper_text"}
{"ts": "2026-09-30T10:00:00.545767+00:00", "level": "info", "logger": "researchforge.research", "msg": "[RESEARCH] tool_invocation action=COMPARE tool=get_paper", "rf_action": "COMPARE", "rf_tool": "get_paper"}
{"ts": "2026-09-30T10:00:03.409201+00:00", "level": "info", "logger": "researchforge.research", "msg": "[RESEARCH] tool_invocation action=REFINE tool=search_paper_text", "rf_action": "REFINE", "rf_tool": "search_paper_text"}
{"ts": "2026-09-30T10:00:10.517146+00:00", "level": "info", "logger": "researchforge.research", "msg": "[RESEARCH] tool_invocation action=COMPARE tool=get_paper", "rf_action": "COMPARE", "rf_tool": "get_paper"}
{"ts": "2026-09-30T10:00:13.768302+00:00", "level": "info", "logger": "researchforge.research", "msg": "[RESEARCH] tool_invocation action=REFINE tool=search_paper_text", "rf_action": "REFINE", "rf_tool": "search_paper_text"}
{"ts": "2026-09-30T10:00:17.373411+00:00", "level": "info", "logger": "researchforge.research", "msg": "[RESEARCH] tool_invocation action=COMPARE tool=search_paper_text", "rf_action": "COMPARE", "rf_tool": "search_paper_text"}
{"ts": "2026-09-30T10:00:20.121637+00:00", "level": "info", "logger": "researchforge.research", "msg": "[RESEARCH] tool_invocation action=REFINE tool=search_paper_text", "rf_action": "REFINE", "rf_tool": "search_paper_text"}
{"ts": "2026-09-30T10:00:29.342751+00:00", "level": "info", "logger": "researchforge.research", "msg": "[RESEARCH] tool_invocation action=COMPARE tool=search_paper_text", "rf_action": "COMPARE", "rf_tool": "search_paper_text"}
{"ts": "2026-09-30T10:00:33.826320+00:00", "level": "info", "logger": "researchforge.research", "msg": "[RESEARCH] tool_invocation action=REFINE tool=search_paper_text", "rf_action": "REFINE", "rf_tool": "search_paper_text"}
{"ts": "2026-09-30T10:00:41.710501+00:00", "level": "info", "logger": "researchforge.research", "msg": "[RESEARCH] tool_invocation action=COMPARE tool=search_paper_text", "rf_action": "COMPARE", "rf_tool": "search_paper_text"}
{"ts": "2026-09-30T10:00:50.190890+00:00", "level": "info", "logger": "researchforge.research", "msg": "[RESEARCH] tool_invocation action=REFINE tool=search_paper_text", "rf_action": "REFINE", "rf_tool": "search_paper_text"}
{"ts": "2026-09-30T10:00:58.396213+00:00", "level": "info", "logger": "researchforge.research", "msg": "[RESEARCH] tool_invocation action=COMPARE tool=search_paper_text", "rf_action": "COMPARE", "rf_tool": "search_paper_text"}
{"ts": "2026-09-30T10:01:00.977167+00:00", "level": "info", "logger": "researchforge.research", "msg": "[RESEARCH] tool_invocation action=REFINE tool=search_paper_text", "rf_action": "REFINE", "rf_tool": "search_paper_text"}
{"ts": "2026-09-30T10:01:04.672474+00:00", "level": "info", "logger": "researchforge.research", "msg": "[RESEARCH] tool_invocation action=COMPARE tool=search_paper_text", "rf_action": "COMPARE", "rf_tool": "search_paper_text"}
{"ts": "2026-09-30T10:01:09.781127+00:00", "level": "info", "logger": "researchforge.research", "msg": "[RESEARCH] tool_invocation action=REFINE tool=search_paper_text", "rf_action": "REFINE", "rf_tool": "search_paper_text"}
{"ts": "2026-09-30T10:01:13.383990+00:00", "level": "info", "logger": "researchforge.research", "msg": "[RESEARCH] tool_invocation action=COMPARE tool=search_paper_text", "rf_action": "COMPARE", "rf_tool": "search_paper_text"}
{"ts": "2026-09-30T10:01:15.842409+00:00", "level": "info", "logger": "researchforge.research", "msg": "[RESEARCH] tool_invocation action=REFINE tool=search_paper_text", "rf_action": "REFINE", "rf_tool": "search_paper_text"}
{"ts": "2026-09-30T10:01:45.339918+00:00", "level": "info", "logger": "researchforge.research", "msg": "[RESEARCH] tool_invocation action=COMPARE tool=record_claim", "rf_action": "COMPARE", "rf_tool": "record_claim"}
{"ts": "2026-09-30T10:01:50.828204+00:00", "level": "info", "logger": "researchforge.research", "msg": "[RESEARCH] tool_invocation action=REFINE tool=record_gap", "rf_action": "REFINE", "rf_tool": "record_gap"}
{"ts": "2026-09-30T10:01:57.290795+00:00", "level": "info", "logger": "researchforge.research", "msg": "[RESEARCH] tool_invocation action=COMPARE tool=search_paper_text", "rf_action": "COMPARE", "rf_tool": "search_paper_text"}
{"ts": "2026-09-30T10:02:04.481494+00:00", "level": "info", "logger": "researchforge.research", "msg": "[RESEARCH] tool_invocation action=REFINE tool=search_paper_text", "rf_action": "REFINE", "rf_tool": "search_paper_text"}
{"ts": "2026-09-30T10:02:12.005232+00:00", "level": "info", "logger": "researchforge.research", "msg": "[RESEARCH] tool_invocation action=COMPARE tool=search_paper_text", "rf_action": "COMPARE", "rf_tool": "search_paper_text"}
{"ts": "2026-09-30T10:02:18.653375+00:00", "level": "info", "logger": "researchforge.research", "msg": "[RESEARCH] tool_invocation action=REFINE tool=search_paper_text", "rf_action": "REFINE", "rf_tool": "search_paper_text"}
{"ts": "2026-09-30T10:02:23.378962+00:00", "level": "info", "logger": "researchforge.research", "msg": "[RESEARCH] tool_invocation action=COMPARE tool=search_paper_text", "rf_action": "COMPARE", "rf_tool": "search_paper_text"}
{"ts": "2026-09-30T10:02:25.977773+00:00", "level": "info", "logger": "researchforge.research", "msg": "[RESEARCH] tool_invocation action=REFINE tool=search_paper_text", "rf_action": "REFINE", "rf_tool": "search_paper_text"}
{"ts": "2026-09-30T10:02:31.084061+00:00", "level": "info", "logger": "researchforge.research", "msg": "[RESEARCH] tool_invocation action=COMPARE tool=search_paper_text", "rf_action": "COMPARE", "rf_tool": "search_paper_text"}
{"ts": "2026-09-30T10:02:34.271128+00:00", "level": "info", "logger": "researchforge.research", "msg": "[RESEARCH] tool_invocation action=REFINE tool=search_paper_text", "rf_action": "REFINE", "rf_tool": "search_paper_text"}
{"ts": "2026-09-30T10:02:49.936428+00:00", "level": "info", "logger": "researchforge.research", "msg": "[RESEARCH] tool_invocation action=COMPARE tool=record_claim", "rf_action": "COMPARE", "rf_tool": "record_claim"}
{"ts": "2026-09-30T10:02:54.818632+00:00", "level": "info", "logger": "researchforge.research", "msg": "[RESEARCH] tool_invocation action=REFINE tool=search_paper_text", "rf_action": "REFINE", "rf_tool": "search_paper_text"}
{"ts": "2026-09-30T10:03:02.337638+00:00", "level": "info", "logger": "researchforge.research", "msg": "[RESEARCH] tool_invocation action=COMPARE tool=search_paper_text", "rf_action": "COMPARE", "rf_tool": "search_paper_text"}
{"ts": "2026-09-30T10:03:07.188294+00:00", "level": "info", "logger": "researchforge.research", "msg": "[RESEARCH] tool_invocation action=REFINE tool=search_paper_text", "rf_action": "REFINE", "rf_tool": "search_paper_text"}
{"ts": "2026-09-30T10:03:15.443981+00:00", "level": "info", "logger": "researchforge.research", "msg": "[RESEARCH] tool_invocation action=COMPARE tool=search_paper_text", "rf_action": "COMPARE", "rf_tool": "search_paper_text"}
{"ts": "2026-09-30T10:03:18.011048+00:00", "level": "info", "logger": "researchforge.research", "msg": "[RESEARCH] tool_invocation action=REFINE tool=search_paper_text", "rf_action": "REFINE", "rf_tool": "search_paper_text"}
{"ts": "2026-09-30T10:03:26.498602+00:00", "level": "info", "logger": "researchforge.research", "msg": "[RESEARCH] tool_invocation action=COMPARE tool=search_paper_text", "rf_action": "COMPARE", "rf_tool": "search_paper_text"}
{"ts": "2026-09-30T10:03:43.794920+00:00", "level": "info", "logger": "researchforge.research", "msg": "[RESEARCH] tool_invocation action=REFINE tool=search_paper_text", "rf_action": "REFINE", "rf_tool": "search_paper_text"}
{"ts": "2026-09-30T10:03:48.901787+00:00", "level": "info", "logger": "researchforge.research", "msg": "[RESEARCH] tool_invocation action=COMPARE tool=search_paper_text", "rf_action": "COMPARE", "rf_tool": "search_paper_text"}
{"ts": "2026-09-30T10:03:51.476484+00:00", "level": "info", "logger": "researchforge.research", "msg": "[RESEARCH] tool_invocation action=REFINE tool=search_paper_text", "rf_action": "REFINE", "rf_tool": "search_paper_text"}
{"ts": "2026-09-30T10:03:57.013633+00:00", "level": "info", "logger": "researchforge.research", "msg": "[RESEARCH] tool_invocation action=COMPARE tool=search_paper_text", "rf_action": "COMPARE", "rf_tool": "search_paper_text"}
{"ts": "2026-09-30T10:04:01.052109+00:00", "level": "info", "logger": "researchforge.research", "msg": "[RESEARCH] tool_invocation action=REFINE tool=search_paper_text", "rf_action": "REFINE", "rf_tool": "search_paper_text"}
{"ts": "2026-09-30T10:04:07.696311+00:00", "level": "info", "logger": "researchforge.research", "msg": "[RESEARCH] tool_invocation action=COMPARE tool=search_paper_text", "rf_action": "COMPARE", "rf_tool": "search_paper_text"}
{"ts": "2026-09-30T10:04:11.123832+00:00", "level": "info", "logger": "researchforge.research", "msg": "[RESEARCH] tool_invocation action=REFINE tool=record_gap", "rf_action": "REFINE", "rf_tool": "record_gap"}
{"ts": "2026-09-30T10:04:31.484088+00:00", "level": "info", "logger": "researchforge.research", "msg": "[RESEARCH] tool_invocation action=COMPARE tool=record_claim", "rf_action": "COMPARE", "rf_tool": "record_claim"}
{"ts": "2026-09-30T10:04:40.261013+00:00", "level": "info", "logger": "researchforge.research", "msg": "[RESEARCH] tool_invocation action=REFINE tool=record_gap", "rf_action": "REFINE", "rf_tool": "record_gap"}
{"ts": "2026-09-30T10:04:55.662543+00:00", "level": "info", "logger": "researchforge.research", "msg": "[RESEARCH] tool_invocation action=COMPARE tool=record_claim", "rf_action": "COMPARE", "rf_tool": "record_claim"}
{"ts": "2026-09-30T10:05:00.135101+00:00", "level": "info", "logger": "researchforge.research", "msg": "[RESEARCH] tool_invocation action=REFINE tool=search_paper_text", "rf_action": "REFINE", "rf_tool": "search_paper_text"}
{"ts": "2026-09-30T10:05:14.260553+00:00", "level": "info", "logger": "researchforge.research", "msg": "[RESEARCH] tool_invocation action=COMPARE tool=search_paper_text", "rf_action": "COMPARE", "rf_tool": "search_paper_text"}
{"ts": "2026-09-30T10:05:17.976305+00:00", "level": "info", "logger": "researchforge.research", "msg": "[RESEARCH] tool_invocation action=REFINE tool=search_paper_text", "rf_action": "REFINE", "rf_tool": "search_paper_text"}
{"ts": "2026-09-30T10:05:22.034298+00:00", "level": "info", "logger": "researchforge.research", "msg": "[RESEARCH] tool_invocation action=COMPARE tool=get_paper", "rf_action": "COMPARE", "rf_tool": "get_paper"}
{"ts": "2026-09-30T10:05:32.403903+00:00", "level": "info", "logger": "researchforge.research", "msg": "[RESEARCH] tool_invocation action=REFINE tool=record_gap", "rf_action": "REFINE", "rf_tool": "record_gap"}
{"ts": "2026-09-30T10:05:40.798506+00:00", "level": "info", "logger": "researchforge.research", "msg": "[RESEARCH] tool_invocation action=COMPARE tool=record_claim", "rf_action": "COMPARE", "rf_tool": "record_claim"}
{"ts": "2026-09-30T10:05:43.693057+00:00", "level": "info", "logger": "researchforge.research", "msg": "[RESEARCH] tool_invocation action=REFINE tool=search_paper_text", "rf_action": "REFINE", "rf_tool": "search_paper_text"}
{"ts": "2026-09-30T10:06:00.332348+00:00", "level": "info", "logger": "researchforge.research", "msg": "[RESEARCH] tool_invocation action=COMPARE tool=record_claim", "rf_action": "COMPARE", "rf_tool": "record_claim"}
{"ts": "2026-09-30T10:06:02.958867+00:00", "level": "info", "logger": "researchforge.research", "msg": "[RESEARCH] tool_invocation action=REFINE tool=search_paper_text", "rf_action": "REFINE", "rf_tool": "search_paper_text"}
{"ts": "2026-09-30T10:06:26.897848+00:00", "level": "info", "logger": "researchforge.research", "msg": "[RESEARCH] tool_invocation action=COMPARE tool=record_claim", "rf_action": "COMPARE", "rf_tool": "record_claim"}
{"ts": "2026-09-30T10:06:34.926038+00:00", "level": "info", "logger": "researchforge.research", "msg": "[RESEARCH] tool_invocation action=REFINE tool=search_paper_text", "rf_action": "REFINE", "rf_tool": "search_paper_text"}
